image,pred_rank,pred_x1,pred_y1,pred_x2,pred_y2,score,best_iou,best_gt_index,n_gt
test-001.jpg,1,13.005000114440918,0.18224836885929108,2306.576171875,0.0,1035.92626953125,0.0,-1,16
test-001.jpg,2,8.670000076293945,0.1807468980550766,2306.576171875,0.0,1035.92626953125,0.0,-1,16
test-001.jpg,3,4.335000038146973,0.18159842491149902,2306.576171875,0.0,1035.92626953125,0.0,-1,16
test-001.jpg,4,0.0,0.18124422430992126,2306.576171875,0.0,1035.92626953125,0.0,-1,16
test-001.jpg,5,13.005000114440918,0.17464947700500488,2311.25341796875,3079.833251953125,1034.8323974609375,0.004083036572688612,10,16
test-001.jpg,6,8.670000076293945,0.15947073698043823,2925.535400390625,3899.51318359375,886.7830200195312,0.002540819383813795,10,16
test-001.jpg,7,13.005000114440918,0.17677491903305054,3104.671875,1764.667236328125,840.1957397460938,0.0035107679522283467,3,16
test-001.jpg,8,4.335000038146973,0.1712869107723236,3201.642578125,3175.0947265625,809.3654174804688,0.002846853644593361,10,16
test-001.jpg,9,4.335000038146973,0.35577717423439026,2869.5693359375,3899.3017578125,808.4371337890625,0.0025868750368170036,10,16
test-001.jpg,10,13.005000114440918,0.22837263345718384,2910.46435546875,3904.90234375,803.2418823242188,0.0025543516499680965,10,16
test-001.jpg,11,13.005000114440918,0.1668872982263565,3212.862548828125,3133.184326171875,802.1150512695312,0.002882633025688296,10,16
test-001.jpg,12,4.335000038146973,0.16931870579719543,3266.603759765625,3254.477294921875,799.693603515625,0.0027221022037032722,10,16
test-001.jpg,13,4.335000038146973,0.26203373074531555,3273.137451171875,2942.036376953125,799.4872436523438,0.0030052789133291034,10,16
test-001.jpg,14,13.005000114440918,0.1650417596101761,3005.773681640625,2636.3916015625,794.579833984375,0.0036629157811893494,10,16
test-001.jpg,15,13.005000114440918,0.3297750949859619,3115.696044921875,883.867431640625,759.4385375976562,0.0,-1,16
test-001.jpg,16,13.005000114440918,0.1608593612909317,3172.156005859375,2115.573486328125,754.0037841796875,0.003805828282214523,5,16
test-001.jpg,17,4.335000038146973,0.1722472757101059,3042.8876953125,2734.90478515625,752.227783203125,0.0034777726255765594,10,16
test-001.jpg,18,13.005000114440918,0.19562463462352753,3096.8447265625,1374.8218994140625,751.884033203125,0.0,-1,16
test-001.jpg,19,13.005000114440918,0.16284985840320587,3140.37646484375,2464.939208984375,749.168701171875,0.003749089653628871,10,16
test-001.jpg,20,13.005000114440918,0.31730008125305176,3138.38037109375,2457.76171875,745.0096435546875,0.0037626768865030567,10,16
test-001.jpg,21,13.005000114440918,0.20393143594264984,3134.5166015625,2428.885986328125,741.125732421875,0.003811950019423141,10,16
test-001.jpg,22,13.005000114440918,0.24531817436218262,3103.056884765625,2470.145751953125,740.3231811523438,0.00378649682440593,10,16
test-001.jpg,23,4.335000038146973,0.15998388826847076,3047.158447265625,2112.032470703125,730.1271362304688,0.003957949243093155,5,16
test-001.jpg,24,13.005000114440918,0.20906156301498413,3078.73779296875,1810.0997314453125,727.2932739257812,0.0034516558892753626,3,16
test-001.jpg,25,13.005000114440918,0.2494940310716629,3082.130615234375,1770.9854736328125,725.311279296875,0.0035240791773669907,3,16
test-001.jpg,26,4.335000038146973,0.16847757995128632,2883.349609375,2669.79833984375,716.12548828125,0.0037600004306686235,10,16
test-001.jpg,27,13.005000114440918,0.19028306007385254,3003.755126953125,3551.03955078125,714.9541625976562,0.002721262569965727,10,16
test-001.jpg,28,8.670000076293945,0.17372064292430878,2350.85595703125,4173.02294921875,714.4121704101562,0.002956846292915999,10,16
test-001.jpg,29,13.005000114440918,0.19761991500854492,2967.884033203125,194.87734985351562,713.0744018554688,0.0,-1,16
test-001.jpg,30,4.335000038146973,0.2520768940448761,2766.657470703125,3467.68310546875,707.9116821289062,0.003017175743297174,10,16
test-001.jpg,31,4.335000038146973,0.16507460176944733,2682.78271484375,2526.786865234375,704.695068359375,0.004270310011186794,10,16
test-001.jpg,32,4.335000038146973,0.1973266899585724,2894.287353515625,3649.9609375,699.634765625,0.0027398538397100792,10,16
test-001.jpg,33,4.335000038146973,0.17264650762081146,2900.57177734375,3804.2216796875,698.6398315429688,0.0026230262976952834,10,16
test-001.jpg,34,4.335000038146973,0.2838574945926666,2656.33251953125,2598.431640625,698.63427734375,0.004194168278912813,10,16
test-001.jpg,35,4.335000038146973,0.1773448884487152,2703.731201171875,3247.805419921875,697.8863525390625,0.0032964758276982312,10,16
test-001.jpg,36,4.335000038146973,0.18093770742416382,2831.036865234375,4094.075927734375,697.4215087890625,0.002497273512867948,10,16
test-001.jpg,37,4.335000038146973,0.18599878251552582,2889.76123046875,1003.5992431640625,696.7709350585938,0.0,-1,16
test-001.jpg,38,4.335000038146973,0.31172975897789,2712.668212890625,3449.97265625,696.47412109375,0.0030931737066486682,10,16
test-001.jpg,39,13.005000114440918,0.3300417363643646,2899.65283203125,126.86238098144531,694.224609375,0.0,-1,16
test-001.jpg,40,4.335000038146973,0.19808103144168854,2817.228271484375,2280.884521484375,690.7506713867188,0.0045046803624555895,10,16
test-001.jpg,41,4.335000038146973,0.16087006032466888,2602.731689453125,2530.225830078125,689.0545654296875,0.004395878587223428,10,16
test-001.jpg,42,4.335000038146973,0.1656084805727005,2865.394287109375,3662.306640625,687.8766479492188,0.0027581691226592846,10,16
test-001.jpg,43,8.670000076293945,0.1678125262260437,2916.527587890625,1605.0672607421875,684.860107421875,0.0007283354496748532,3,16
test-001.jpg,44,8.670000076293945,0.159962996840477,2653.98974609375,4371.42333984375,683.9872436523438,0.0024991807493224293,10,16
test-001.jpg,45,13.005000114440918,0.2256370484828949,2320.228271484375,4213.39990234375,683.4254760742188,0.0029729237379093583,10,16
test-001.jpg,46,13.005000114440918,0.2899855375289917,2917.23583984375,1572.113037109375,680.3209228515625,0.0,-1,16
test-001.jpg,47,4.335000038146973,0.3507961630821228,2672.921142578125,2532.257568359375,677.8746337890625,0.004277144059880271,10,16
test-001.jpg,48,13.005000114440918,0.21682366728782654,2629.411865234375,4380.0888671875,676.6974487304688,0.0025218317724883784,10,16
test-001.jpg,49,13.005000114440918,0.1736561805009842,2640.384033203125,4296.44873046875,668.1925659179688,0.002560165290570786,10,16
test-001.jpg,50,4.335000038146973,0.25460025668144226,2701.28125,2722.786865234375,668.0661010742188,0.003935840484527971,10,16
test-002.jpg,1,11.699999809265137,3.3723833560943604,2636.93359375,1613.845947265625,712.5663452148438,0.009194229343945821,54,70
test-002.jpg,2,3.9000000953674316,2.328880786895752,2637.593505859375,1611.91650390625,712.3182373046875,0.009169740158550165,54,70
test-002.jpg,3,11.699999809265137,0.8588695526123047,2364.52978515625,2863.933349609375,683.1412353515625,0.005770503791498848,54,70
test-002.jpg,4,11.699999809265137,0.4450218677520752,2376.06396484375,2741.705810546875,676.6895751953125,0.005997526843295798,54,70
test-002.jpg,5,11.699999809265137,2.8025705814361572,2512.3759765625,1275.8720703125,672.5789184570312,0.007830290970880817,37,70
test-002.jpg,6,7.800000190734863,0.5402761101722717,2512.18017578125,1275.5780029296875,672.5281372070312,0.0078066398377454145,37,70
test-002.jpg,7,11.699999809265137,4.341940879821777,2396.4072265625,2679.851318359375,643.767822265625,0.006092497234930117,54,70
test-002.jpg,8,3.9000000953674316,1.9072916507720947,2357.78369140625,1934.629150390625,635.5018920898438,0.008544418814350141,54,70
test-002.jpg,9,3.9000000953674316,1.6528366804122925,2327.08154296875,2142.923583984375,626.447021484375,0.007814157372437232,54,70
test-002.jpg,10,11.699999809265137,2.617489814758301,2227.765625,2131.483154296875,598.5394287109375,0.008239597770106251,54,70
test-002.jpg,11,7.800000190734863,1.2967662811279297,2227.7333984375,2132.421630859375,598.21240234375,0.008216522423364032,54,70
test-002.jpg,12,7.800000190734863,0.47954729199409485,2204.1484375,1933.9384765625,593.950927734375,0.009153784741983556,54,70
test-002.jpg,13,11.699999809265137,4.41292142868042,2113.489990234375,2865.254638671875,589.2103271484375,0.006464779796563481,54,70
test-002.jpg,14,3.9000000953674316,2.623006820678711,2129.9072265625,816.704345703125,588.7324829101562,0.001196432575906748,9,70
test-002.jpg,15,11.699999809265137,0.44382867217063904,2048.0078125,2928.516845703125,570.015380859375,0.006519458964097634,54,70
test-002.jpg,16,3.9000000953674316,1.3497085571289062,2014.386474609375,2975.78369140625,566.284912109375,0.006500269997817209,54,70
test-002.jpg,17,7.800000190734863,0.6655203104019165,2020.3985595703125,1064.188720703125,548.1993408203125,0.011150950895657954,9,70
test-002.jpg,18,11.699999809265137,4.3950395584106445,1953.1051025390625,2213.480224609375,543.1588134765625,0.009063757054459809,54,70
test-002.jpg,19,7.800000190734863,0.4466009736061096,1937.95751953125,1286.34765625,542.8577270507812,0.009616470936823574,9,70
test-002.jpg,20,3.9000000953674316,2.221615791320801,1953.228515625,951.4396362304688,542.5799560546875,0.012266449866090209,9,70
test-002.jpg,21,3.9000000953674316,1.973110318183899,1994.5391845703125,2544.781005859375,540.7061157226562,0.007679461830714141,54,70
test-002.jpg,22,0.0,1.2971360683441162,1995.0230712890625,2544.690673828125,540.5855102539062,0.0076608225037708465,54,70
test-002.jpg,23,3.9000000953674316,1.5815647840499878,1997.999267578125,1905.4295654296875,539.4935302734375,0.010239006998676067,54,70
test-002.jpg,24,7.800000190734863,0.4550720155239105,1934.3419189453125,2730.98193359375,538.2702026367188,0.007389447530277245,54,70
test-002.jpg,25,11.699999809265137,4.676548480987549,1864.851318359375,2002.150390625,511.0399169921875,0.01050134441480183,54,70
test-002.jpg,26,7.800000190734863,0.5967142581939697,1854.0472412109375,2227.34521484375,503.2568664550781,0.009455311873924817,54,70
test-002.jpg,27,11.699999809265137,0.4608760178089142,1750.9566650390625,2256.82177734375,497.509765625,0.009905231819945053,54,70
test-002.jpg,28,11.699999809265137,4.084219455718994,1745.83056640625,2336.64892578125,492.4561462402344,0.009609955853021657,54,70
test-002.jpg,29,0.0,1.2920384407043457,1745.2001953125,2335.988037109375,492.4212341308594,0.009540283801158771,54,70
test-002.jpg,30,7.800000190734863,0.48786383867263794,1733.068603515625,809.9046020507812,483.40582275390625,3.3350022245004774e-07,9,70
test-002.jpg,31,3.9000000953674316,2.5468695163726807,1730.4263916015625,1196.556884765625,477.67791748046875,0.01082566596593191,36,70
test-002.jpg,32,7.800000190734863,0.7652543783187866,1754.334716796875,1498.754150390625,473.6995849609375,0.014857682353690671,54,70
test-002.jpg,33,0.0,1.548905611038208,1671.105712890625,2527.211669921875,467.1029357910156,0.00920995695968747,54,70
test-002.jpg,34,3.9000000953674316,2.6987290382385254,1622.929931640625,2929.404296875,459.6228332519531,0.008203571629742393,54,70
test-002.jpg,35,11.699999809265137,0.7802609801292419,1699.3673095703125,1431.496826171875,456.70416259765625,0.015845409262265898,54,70
test-002.jpg,36,7.800000190734863,1.0294742584228516,1696.13427734375,1426.341552734375,455.61114501953125,0.015525089768460888,54,70
test-002.jpg,37,11.699999809265137,1.4416157007217407,1695.3546142578125,1423.1444091796875,455.3550720214844,0.015374590124903534,54,70
test-002.jpg,38,11.699999809265137,0.4988572597503662,1692.4669189453125,1435.20361328125,455.1111755371094,0.016120067513570112,54,70
test-002.jpg,39,11.699999809265137,4.582038879394531,1533.4193115234375,1029.94677734375,435.2146301269531,0.012158451937272118,13,70
test-002.jpg,40,7.800000190734863,0.5720164775848389,1591.5328369140625,1159.7742919921875,434.1725158691406,0.01215611128034906,36,70
test-002.jpg,41,3.9000000953674316,1.5465857982635498,1590.769775390625,1158.1285400390625,433.88360595703125,0.012159567088805064,36,70
test-002.jpg,42,11.699999809265137,3.75327730178833,1531.68896484375,2343.88916015625,431.730224609375,0.010928369613170407,54,70
test-002.jpg,43,11.699999809265137,0.7221890687942505,1582.853515625,1283.1204833984375,421.6374816894531,0.01107628852563626,36,70
test-002.jpg,44,3.9000000953674316,1.5383895635604858,1443.1590576171875,2240.1298828125,418.04925537109375,0.012064881640700126,54,70
test-002.jpg,45,0.0,1.3349237442016602,1443.8741455078125,2240.362060546875,417.90472412109375,0.012023978443792023,54,70
test-002.jpg,46,0.0,4.034738540649414,1444.3233642578125,1564.807373046875,413.8729553222656,0.017243793265860403,54,70
test-002.jpg,47,7.800000190734863,0.45916831493377686,1444.36572265625,1566.1905517578125,413.4798278808594,0.017282005132812722,54,70
test-002.jpg,48,11.699999809265137,4.004763126373291,1495.426025390625,1172.51123046875,407.68634033203125,0.012872146634107105,36,70
test-002.jpg,49,3.9000000953674316,0.4786531925201416,1390.3792724609375,2613.255859375,392.8658142089844,0.008115804380280452,34,70
test-002.jpg,50,3.9000000953674316,4.160749435424805,1411.3638916015625,2623.912109375,391.51177978515625,0.009142281408860307,54,70
test-003.jpg,1,0.0,1.0039868354797363,3687.66259765625,1586.677734375,740.0484619140625,0.009625767594548267,1,47
test-003.jpg,2,10.399999618530273,0.5003923773765564,3687.603515625,1587.5880126953125,739.8768920898438,0.009644546594698294,1,47
test-003.jpg,3,5.199999809265137,2.443127393722534,3618.58544921875,1397.268310546875,738.339599609375,0.011167766246822189,1,47
test-003.jpg,4,15.600000381469727,2.620277166366577,3540.685791015625,1959.7999267578125,713.8110961914062,0.008611835373202367,34,47
test-003.jpg,5,10.399999618530273,0.5056183934211731,3538.83251953125,1959.7705078125,713.6780395507812,0.008594510163055602,34,47
test-003.jpg,6,0.0,0.8100038170814514,3422.673828125,749.2245483398438,698.7208862304688,0.01870760275392559,16,47
test-003.jpg,7,5.199999809265137,0.12084707617759705,3395.826171875,703.912841796875,697.42236328125,0.019503032582727255,43,47
test-003.jpg,8,15.600000381469727,0.11870988458395004,3362.428955078125,553.2839965820312,685.7909545898438,0.02469765842343834,31,47
test-003.jpg,9,5.199999809265137,0.11370409280061722,3170.106201171875,1996.6302490234375,683.7317504882812,0.009402911415281807,34,47
test-003.jpg,10,10.399999618530273,0.38285812735557556,3364.816162109375,1141.6756591796875,683.5239868164062,0.012953289993849336,38,47
test-003.jpg,11,15.600000381469727,2.025836706161499,3363.0244140625,1141.850830078125,683.4414672851562,0.012997060884179418,38,47
test-003.jpg,12,15.600000381469727,0.1799691617488861,3384.927001953125,560.48291015625,682.1534423828125,0.024220223790831268,31,47
test-003.jpg,13,10.399999618530273,0.4128953814506531,3369.613037109375,558.342529296875,681.7637939453125,0.02439648394498674,31,47
test-003.jpg,14,0.0,0.6687330007553101,3367.0595703125,558.5684814453125,681.4464111328125,0.02434093465469158,31,47
test-003.jpg,15,5.199999809265137,0.13632889091968536,3311.06298828125,998.5367431640625,679.2898559570312,0.014518985428518552,16,47
test-003.jpg,16,15.600000381469727,0.12071585655212402,3370.190673828125,1296.8836669921875,674.1888427734375,0.01142661048836732,32,47
test-003.jpg,17,15.600000381469727,0.1755620241165161,3309.5615234375,1580.198486328125,672.7393188476562,0.010814799602187059,1,47
test-003.jpg,18,10.399999618530273,0.36775127053260803,3248.077392578125,1580.05419921875,672.260009765625,0.011005148854608923,1,47
test-003.jpg,19,5.199999809265137,2.9771807193756104,3297.93994140625,982.9108276367188,669.5992431640625,0.014851549620593901,16,47
test-003.jpg,20,5.199999809265137,0.13865813612937927,3247.73046875,2031.083251953125,658.5213623046875,0.009022231370979544,34,47
test-003.jpg,21,10.399999618530273,0.30175015330314636,3200.123046875,2029.9852294921875,658.29248046875,0.009177297454612775,34,47
test-003.jpg,22,15.600000381469727,0.1362653374671936,3286.2216796875,1096.8350830078125,651.507080078125,0.013360053146924256,16,47
test-003.jpg,23,15.600000381469727,0.12439335137605667,3271.03955078125,1146.8394775390625,648.104736328125,0.013284002464309266,38,47
test-003.jpg,24,0.0,0.6692100763320923,3154.44970703125,702.6327514648438,636.7303466796875,0.021017846456165598,43,47
test-003.jpg,25,15.600000381469727,0.13542574644088745,3175.280517578125,1714.09033203125,632.021484375,0.010971184981335673,34,47
test-003.jpg,26,15.600000381469727,0.23036456108093262,3153.106201171875,2238.17236328125,619.2591552734375,0.009847958366577779,20,47
test-003.jpg,27,10.399999618530273,0.11271537095308304,2118.6708984375,2741.39306640625,603.6907958984375,0.011741435268941341,3,47
test-003.jpg,28,5.199999809265137,2.298851728439331,2931.794189453125,1820.6796875,596.8756103515625,0.011164743494847711,34,47
test-003.jpg,29,0.0,1.5746079683303833,2931.172119140625,1817.365234375,596.7962646484375,0.01116320783812587,34,47
test-003.jpg,30,15.600000381469727,2.2853496074676514,2787.178466796875,1307.027099609375,590.7403564453125,0.01374566687951387,32,47
test-003.jpg,31,15.600000381469727,0.12290705740451813,2896.842529296875,1049.7059326171875,589.7720336914062,0.015846350479668623,16,47
test-003.jpg,32,15.600000381469727,2.26435923576355,2772.5537109375,1048.640380859375,589.589599609375,0.016611491140338587,16,47
test-003.jpg,33,15.600000381469727,0.18379245698451996,2992.0859375,591.3765258789062,585.008544921875,0.02598431627604232,31,47
test-003.jpg,34,15.600000381469727,0.16094939410686493,2892.7998046875,470.1748046875,579.6641235351562,0.033811429578319625,31,47
test-003.jpg,35,5.199999809265137,1.595031499862671,2863.98974609375,332.4994201660156,577.3841552734375,0.03222172945497692,23,47
test-003.jpg,36,15.600000381469727,3.0883193016052246,2862.9287109375,333.7232971191406,576.9923095703125,0.032730270587420174,23,47
test-003.jpg,37,5.199999809265137,0.12742820382118225,2711.454345703125,2105.848388671875,571.4468383789062,0.010426214853152429,34,47
test-003.jpg,38,0.0,0.11384125798940659,2788.6298828125,783.303466796875,569.4501953125,0.02194158867088987,16,47
test-003.jpg,39,10.399999618530273,0.5437567830085754,2792.7021484375,1584.66943359375,568.1461791992188,0.012770457666713447,1,47
test-003.jpg,40,15.600000381469727,1.8287627696990967,2792.673583984375,1584.5291748046875,568.1221313476562,0.012806023180052382,1,47
test-003.jpg,41,15.600000381469727,0.24324509501457214,2781.999267578125,797.4591674804688,548.3896484375,0.021728765213449505,16,47
test-003.jpg,42,0.0,1.0571180582046509,2666.606201171875,437.8963928222656,545.626953125,0.03598573285829549,23,47
test-003.jpg,43,5.199999809265137,1.7986037731170654,2548.740478515625,262.43310546875,542.1838989257812,0.017511535284633752,23,47
test-003.jpg,44,15.600000381469727,2.832327365875244,2547.555908203125,262.724853515625,542.1536865234375,0.01775149582537706,23,47
test-003.jpg,45,5.199999809265137,2.194432020187378,2476.03076171875,1807.74365234375,533.3783569335938,0.013318145945037725,34,47
test-003.jpg,46,5.199999809265137,2.498211622238159,2555.92724609375,1312.2413330078125,523.7466430664062,0.015132102309002525,1,47
test-003.jpg,47,15.600000381469727,0.12600170075893402,2472.468994140625,1803.61572265625,519.5906982421875,0.013409124732077489,34,47
test-003.jpg,48,15.600000381469727,0.13490623235702515,2523.454345703125,1148.5797119140625,519.1090698242188,0.017217959072179528,38,47
test-003.jpg,49,5.199999809265137,2.1701221466064453,2510.012939453125,1112.159912109375,513.4959716796875,0.017812718392383717,9,47
test-003.jpg,50,15.600000381469727,2.0045742988586426,2385.519775390625,559.3187255859375,510.8092041015625,0.03173782770768061,23,47
test-004.jpg,1,3.9000000953674316,2.311577558517456,2566.29150390625,1826.0045166015625,725.9177856445312,0.011593798994455218,50,56
test-004.jpg,2,11.699999809265137,3.7160134315490723,2565.979736328125,1823.8070068359375,725.4942626953125,0.011653634963408828,50,56
test-004.jpg,3,11.699999809265137,0.27746322751045227,2591.663818359375,1605.695068359375,720.0569458007812,0.013080409254580823,50,56
test-004.jpg,4,0.0,0.20392660796642303,2606.81591796875,1605.156494140625,714.347412109375,0.012949422557492424,50,56
test-004.jpg,5,11.699999809265137,3.2383174896240234,2635.089111328125,1585.664794921875,709.8988037109375,0.0130507874366189,50,56
test-004.jpg,6,0.0,2.2024707794189453,2480.425048828125,2322.885986328125,698.5715942382812,0.009411978859869606,50,56
test-004.jpg,7,0.0,0.931734561920166,2432.143798828125,2700.596435546875,686.6317138671875,0.009466990232624295,47,56
test-004.jpg,8,11.699999809265137,0.3076446056365967,2515.745849609375,1011.6275024414062,680.9730224609375,0.01769538580665563,21,56
test-004.jpg,9,0.0,0.9123386740684509,2492.64990234375,970.5732421875,680.6825561523438,0.017942717676844154,40,56
test-004.jpg,10,11.699999809265137,0.20743988454341888,2493.5458984375,962.224365234375,669.7897338867188,0.018164015730015647,40,56
test-004.jpg,11,3.9000000953674316,0.22793777287006378,2278.406494140625,1385.99267578125,652.3456420898438,0.017188828623072527,50,56
test-004.jpg,12,0.0,1.3786399364471436,2395.110595703125,2942.710205078125,651.900146484375,0.00882351137954386,47,56
test-004.jpg,13,11.699999809265137,2.5606822967529297,2328.0087890625,1383.0975341796875,649.1445922851562,0.01694253960852576,50,56
test-004.jpg,14,11.699999809265137,0.18894124031066895,2477.318603515625,1767.0506591796875,647.9111938476562,0.012436395057591355,50,56
test-004.jpg,15,3.9000000953674316,0.3323494791984558,2148.69189453125,1439.26953125,642.7605590820312,0.01755480357356472,50,56
test-004.jpg,16,3.9000000953674316,2.0076775550842285,2334.41162109375,2045.9500732421875,634.2119750976562,0.011373733396613675,50,56
test-004.jpg,17,11.699999809265137,3.6229047775268555,2336.227783203125,2043.84912109375,633.9971923828125,0.011423781916029125,50,56
test-004.jpg,18,0.0,0.20589584112167358,2316.194580078125,2021.57568359375,627.7135009765625,0.011571833002948142,50,56
test-004.jpg,19,11.699999809265137,0.2346358448266983,2129.373291015625,1429.1162109375,620.9777221679688,0.01790472988286157,50,56
test-004.jpg,20,3.9000000953674316,2.554224729537964,2278.413818359375,1065.668212890625,620.1658325195312,0.01909954988086698,21,56
test-004.jpg,21,11.699999809265137,3.457681179046631,2278.493896484375,1066.38916015625,620.1491088867188,0.01916788701952015,21,56
test-004.jpg,22,11.699999809265137,2.7491726875305176,2179.027587890625,837.06982421875,617.3263549804688,0.023983460233764728,40,56
test-004.jpg,23,7.800000190734863,0.4713428020477295,2138.781494140625,1488.2451171875,612.5408325195312,0.01708859636158657,50,56
test-004.jpg,24,7.800000190734863,0.5495820045471191,2202.873046875,1812.156982421875,607.2943725585938,0.013624165345557963,50,56
test-004.jpg,25,11.699999809265137,3.0391931533813477,2085.139404296875,2348.614013671875,584.6482543945312,0.012412154242010724,47,56
test-004.jpg,26,11.699999809265137,0.5673395395278931,2213.626220703125,580.8161010742188,575.8602294921875,0.018500088837811603,40,56
test-004.jpg,27,11.699999809265137,3.1736879348754883,2070.59130859375,635.712158203125,572.3761596679688,0.02479489961500146,40,56
test-004.jpg,28,3.9000000953674316,2.6227259635925293,2073.77099609375,1995.5130615234375,569.4389038085938,0.013133978128559862,50,56
test-004.jpg,29,0.0,1.4485605955123901,2073.227294921875,1997.1444091796875,569.1512451171875,0.013094282222085722,50,56
test-004.jpg,30,11.699999809265137,0.3722597062587738,2085.3876953125,2379.788330078125,567.56396484375,0.012597874123349777,47,56
test-004.jpg,31,11.699999809265137,0.1957140415906906,2160.0927734375,2790.40771484375,561.0782470703125,0.010369555027492606,47,56
test-004.jpg,32,11.699999809265137,0.21322348713874817,2162.400146484375,2820.96728515625,561.0177001953125,0.01024627290418645,47,56
test-004.jpg,33,7.800000190734863,0.24614180624485016,1938.243408203125,2957.633544921875,554.8260498046875,0.010887939839546315,47,56
test-004.jpg,34,11.699999809265137,3.465853214263916,2010.8961181640625,1343.46142578125,551.182373046875,0.020223867233524373,50,56
test-004.jpg,35,0.0,0.1910366415977478,2057.242431640625,1054.9737548828125,547.3319091796875,0.021283500873848275,21,56
test-004.jpg,36,11.699999809265137,0.18440140783786774,1479.8018798828125,0.0,534.1729125976562,0.0,-1,56
test-004.jpg,37,7.800000190734863,0.6501694917678833,1923.21337890625,1631.7030029296875,530.3856811523438,0.017341730121398388,50,56
test-004.jpg,38,7.800000190734863,0.5015954971313477,1926.151611328125,2226.910400390625,530.0294799804688,0.012684981752949786,50,56
test-004.jpg,39,0.0,0.9693617820739746,1927.819091796875,2227.6552734375,529.8412475585938,0.01262111519461789,50,56
test-004.jpg,40,3.9000000953674316,1.6661062240600586,1809.63232421875,1086.934814453125,515.4720458984375,0.02356681491563085,21,56
test-004.jpg,41,0.0,1.4814376831054688,1810.22705078125,1088.1380615234375,515.3943481445312,0.023478273770763114,21,56
test-004.jpg,42,11.699999809265137,2.324522018432617,1845.5125732421875,2032.9483642578125,513.6072387695312,0.014549180828604583,50,56
test-004.jpg,43,11.699999809265137,1.5802043676376343,1811.5115966796875,2472.625244140625,502.3511962890625,0.013976656720026964,47,56
test-004.jpg,44,3.9000000953674316,4.401642799377441,1809.8909912109375,2471.5263671875,502.2877197265625,0.013950967294999615,47,56
test-004.jpg,45,11.699999809265137,2.485426187515259,1649.6412353515625,2669.56884765625,469.984130859375,0.014229056028138676,47,56
test-004.jpg,46,3.9000000953674316,1.997485876083374,1688.6944580078125,1288.4971923828125,469.6347351074219,0.024995760349071233,50,56
test-004.jpg,47,7.800000190734863,0.24877478182315826,1652.22314453125,3256.95458984375,462.9105224609375,0.011606970898651554,47,56
test-004.jpg,48,0.0,0.34305912256240845,1652.26220703125,3256.7919921875,462.8404235839844,0.011552813556302085,47,56
test-004.jpg,49,11.699999809265137,4.3750834465026855,1650.86474609375,645.7996215820312,459.77508544921875,0.0321813977963865,40,56
test-004.jpg,50,11.699999809265137,0.4406101107597351,1701.373779296875,1046.5101318359375,445.1415100097656,0.02612932141308505,21,56
test-005.jpg,1,13.005000114440918,0.1759529560804367,2306.724609375,0.0,1035.903076171875,0.0,-1,4
test-005.jpg,2,8.670000076293945,0.17432108521461487,2306.724609375,0.0,1035.903076171875,0.0,-1,4
test-005.jpg,3,4.335000038146973,0.1756432056427002,2306.724609375,0.0,1035.903076171875,0.0,-1,4
test-005.jpg,4,0.0,0.17474360764026642,2306.724609375,0.0,1035.903076171875,0.0,-1,4
test-005.jpg,5,13.005000114440918,0.15737399458885193,2318.23779296875,3088.597900390625,1033.186279296875,0.010317751606612722,1,4
test-005.jpg,6,8.670000076293945,0.13243335485458374,2948.185302734375,0.0,893.7018432617188,0.0,-1,4
test-005.jpg,7,8.670000076293945,0.16519573330879211,2926.2666015625,3913.15283203125,890.7000122070312,0.006434360354289932,1,4
test-005.jpg,8,4.335000038146973,0.1424761265516281,2710.02294921875,0.0,836.2489013671875,0.0,-1,4
test-005.jpg,9,8.670000076293945,0.14743268489837646,3037.953369140625,3135.39892578125,833.1361694335938,0.007734403334719109,1,4
test-005.jpg,10,13.005000114440918,0.14396466314792633,2802.730224609375,0.0,830.122314453125,0.0,-1,4
test-005.jpg,11,13.005000114440918,0.14933650195598602,3062.535888671875,3121.9873046875,823.848388671875,0.0077160619348455185,1,4
test-005.jpg,12,13.005000114440918,0.12429767102003098,2827.12060546875,0.0,820.9552612304688,0.0,-1,4
test-005.jpg,13,4.335000038146973,0.12588562071323395,2807.564208984375,1452.6943359375,820.7250366210938,0.0,-1,4
test-005.jpg,14,8.670000076293945,0.12858697772026062,3087.963134765625,3095.09130859375,819.149658203125,0.00770783916265066,1,4
test-005.jpg,15,4.335000038146973,0.12610962986946106,2898.376220703125,1132.1422119140625,812.047119140625,0.0,-1,4
test-005.jpg,16,4.335000038146973,0.12487910687923431,2825.388916015625,788.8482055664062,809.2596435546875,0.0,-1,4
test-005.jpg,17,13.005000114440918,0.12453880161046982,2848.29541015625,3147.243408203125,805.4971923828125,0.008232436775079954,1,4
test-005.jpg,18,13.005000114440918,0.13548049330711365,2977.025146484375,0.0,804.6220092773438,0.0,-1,4
test-005.jpg,19,4.335000038146973,0.17405357956886292,2817.4970703125,1283.9495849609375,802.2996826171875,0.0,-1,4
test-005.jpg,20,4.335000038146973,0.13715238869190216,3165.48681640625,0.0,801.0953369140625,0.0,-1,4
test-005.jpg,21,13.005000114440918,0.13109761476516724,3159.732421875,0.0,801.059326171875,0.0,-1,4
test-005.jpg,22,13.005000114440918,0.130715012550354,2949.521484375,0.0,784.0823364257812,0.0,-1,4
test-005.jpg,23,4.335000038146973,0.15658727288246155,2771.47412109375,1410.106689453125,781.109375,0.0,-1,4
test-005.jpg,24,4.335000038146973,0.13680815696716309,2704.73486328125,1394.8385009765625,769.4940185546875,0.0,-1,4
test-005.jpg,25,4.335000038146973,0.30930355191230774,3042.22412109375,1634.1422119140625,759.72119140625,0.0,-1,4
test-005.jpg,26,4.335000038146973,0.1451610028743744,2990.633544921875,1047.84375,755.9218139648438,0.0,-1,4
test-005.jpg,27,4.335000038146973,0.14431089162826538,2670.34814453125,1351.2646484375,746.2760620117188,0.0,-1,4
test-005.jpg,28,8.670000076293945,0.12775154411792755,3020.095703125,680.11962890625,729.7643432617188,0.0,-1,4
test-005.jpg,29,8.670000076293945,0.17654620110988617,2997.55029296875,630.4618530273438,727.4150390625,0.0,-1,4
test-005.jpg,30,4.335000038146973,0.13427779078483582,2929.59326171875,2331.307373046875,724.385986328125,0.010772099671159342,1,4
test-005.jpg,31,13.005000114440918,0.13090752065181732,3015.27001953125,329.4256896972656,724.1256713867188,0.0,-1,4
test-005.jpg,32,13.005000114440918,0.17306697368621826,2994.596435546875,627.5463256835938,722.5503540039062,0.0,-1,4
test-005.jpg,33,4.335000038146973,0.138878732919693,2481.225830078125,2307.917236328125,716.3479614257812,0.012851035945865431,1,4
test-005.jpg,34,4.335000038146973,0.1481626331806183,2621.681640625,1238.9814453125,715.546142578125,0.0,-1,4
test-005.jpg,35,13.005000114440918,0.12917329370975494,2972.968505859375,598.3187866210938,712.1400756835938,0.0,-1,4
test-005.jpg,36,4.335000038146973,0.2569360136985779,2843.217529296875,1520.9549560546875,711.9908447265625,0.0,-1,4
test-005.jpg,37,13.005000114440918,0.1361333280801773,2890.4990234375,166.50820922851562,711.6682739257812,0.0,-1,4
test-005.jpg,38,4.335000038146973,0.1549898236989975,2714.0888671875,737.505859375,706.7659912109375,0.0,-1,4
test-005.jpg,39,4.335000038146973,0.13408790528774261,2884.155029296875,1251.7718505859375,704.81884765625,0.0,-1,4
test-005.jpg,40,8.670000076293945,0.13740551471710205,2926.388671875,629.96142578125,699.8526611328125,0.0,-1,4
test-005.jpg,41,13.005000114440918,0.24383901059627533,2919.400390625,627.46240234375,691.2908325195312,0.0,-1,4
test-005.jpg,42,13.005000114440918,0.15089820325374603,2889.328125,449.8548583984375,688.9849243164062,0.0,-1,4
test-005.jpg,43,13.005000114440918,0.14898814260959625,2639.741943359375,55.111881256103516,687.5911254882812,0.0,-1,4
test-005.jpg,44,4.335000038146973,0.2813705801963806,2731.40771484375,903.7966918945312,687.5387573242188,0.0,-1,4
test-005.jpg,45,4.335000038146973,0.1783536821603775,2591.652099609375,1188.6495361328125,682.99853515625,0.0,-1,4
test-005.jpg,46,13.005000114440918,0.1951391100883484,2838.152099609375,2894.8291015625,676.2595825195312,0.00898264799026984,1,4
test-005.jpg,47,4.335000038146973,0.16485165059566498,2714.729736328125,1281.6490478515625,665.5613403320312,0.0,-1,4
test-005.jpg,48,4.335000038146973,0.16414766013622284,2721.65869140625,913.8951416015625,664.7327880859375,0.0,-1,4
test-005.jpg,49,13.005000114440918,0.16157309710979462,2056.941650390625,0.0,660.1578369140625,0.0,-1,4
test-005.jpg,50,4.335000038146973,0.16960209608078003,2356.409912109375,1705.050048828125,651.7208251953125,0.0,-1,4
test-006.jpg,1,0.0,1.9432282447814941,3624.922119140625,1464.926513671875,737.53125,0.006238874087297823,4,91
test-006.jpg,2,15.359999656677246,2.678750514984131,3625.055419921875,1464.270751953125,737.3853759765625,0.006271155205153286,4,91
test-006.jpg,3,0.0,1.2756056785583496,3324.27001953125,1017.438720703125,687.4795532226562,0.009169181138797607,65,91
test-006.jpg,4,5.119999885559082,1.2944852113723755,3323.750244140625,1016.5886840820312,687.4494018554688,0.009192624076099483,65,91
test-006.jpg,5,0.0,1.316062092781067,3163.062744140625,1408.1314697265625,645.4158935546875,0.007435314487998431,4,91
test-006.jpg,6,0.0,1.935018539428711,3120.1015625,1822.8907470703125,645.3616333007812,0.005823393631391907,4,91
test-006.jpg,7,5.119999885559082,1.4299592971801758,3161.093505859375,1409.14990234375,645.13818359375,0.007447228056355372,4,91
test-006.jpg,8,5.119999885559082,1.2824620008468628,3075.711181640625,2178.207275390625,633.6416625976562,0.004949699545798614,4,91
test-006.jpg,9,0.0,1.0228135585784912,3034.796875,2298.45263671875,622.35791015625,0.0045721364583789234,29,91
test-006.jpg,10,5.119999885559082,1.5864888429641724,3018.42626953125,1414.94091796875,618.8042602539062,0.007485084488980887,29,91
test-006.jpg,11,15.359999656677246,2.991168737411499,3042.033203125,1246.176513671875,617.780029296875,0.008472072286268551,29,91
test-006.jpg,12,15.359999656677246,3.1501314640045166,3014.6279296875,897.1807861328125,611.9736938476562,0.011551080166360887,65,91
test-006.jpg,13,5.119999885559082,1.4644238948822021,3016.0908203125,898.8319702148438,611.9618530273438,0.01146339787180192,65,91
test-006.jpg,14,10.239999771118164,0.957733690738678,3026.1962890625,1567.3734130859375,610.33984375,0.006747750276935028,29,91
test-006.jpg,15,15.359999656677246,2.979151964187622,2992.0771484375,2059.843505859375,608.3076171875,0.005206523645463994,29,91
test-006.jpg,16,5.119999885559082,1.255777359008789,2938.7802734375,737.63818359375,602.9906005859375,0.01433761942533186,65,91
test-006.jpg,17,0.0,1.1777182817459106,2940.142822265625,1483.0947265625,602.685302734375,0.007316422156356118,29,91
test-006.jpg,18,0.0,1.0080794095993042,2903.523193359375,1027.2261962890625,595.2062377929688,0.010395019180015456,65,91
test-006.jpg,19,15.359999656677246,2.668776512145996,2929.4951171875,2218.348876953125,592.3654174804688,0.004937127291621136,29,91
test-006.jpg,20,15.359999656677246,1.2716319561004639,2980.819580078125,1263.867919921875,591.0908813476562,0.00851401770972984,29,91
test-006.jpg,21,10.239999771118164,1.6303460597991943,2821.26318359375,1823.8175048828125,587.0277709960938,0.00622348514211151,29,91
test-006.jpg,22,5.119999885559082,2.0811517238616943,2804.59814453125,773.493408203125,574.0143432617188,0.014342559354055026,65,91
test-006.jpg,23,15.359999656677246,2.3010122776031494,2820.177734375,643.0647583007812,573.835205078125,0.01629244988840282,65,91
test-006.jpg,24,15.359999656677246,3.032097816467285,2771.717529296875,948.7647094726562,573.4293823242188,0.01188191270331148,65,91
test-006.jpg,25,5.119999885559082,2.3601577281951904,2821.735595703125,1399.3529052734375,570.9158325195312,0.008101572729855695,29,91
test-006.jpg,26,5.119999885559082,1.2861114740371704,2807.3896484375,1187.7078857421875,569.2503662109375,0.009316252275839914,65,91
test-006.jpg,27,15.359999656677246,2.8140761852264404,2808.678466796875,1187.150390625,569.2222290039062,0.009362563439452798,65,91
test-006.jpg,28,15.359999656677246,2.6221678256988525,2725.430419921875,527.4117431640625,559.3985595703125,0.01210382673793779,41,91
test-006.jpg,29,15.359999656677246,2.0448014736175537,2665.657470703125,2334.0849609375,555.7147827148438,0.004766203822768346,27,91
test-006.jpg,30,0.0,1.5538856983184814,2624.718017578125,1040.5103759765625,550.0217895507812,0.008866991325302062,23,91
test-006.jpg,31,15.359999656677246,2.262542724609375,2656.298828125,800.9705200195312,549.974853515625,0.011463307241495134,23,91
test-006.jpg,32,10.239999771118164,1.1750725507736206,2625.253662109375,1040.0516357421875,549.7128295898438,0.00890058158732567,23,91
test-006.jpg,33,15.359999656677246,1.4927855730056763,2639.12939453125,1039.04052734375,549.663330078125,0.008882240846858876,23,91
test-006.jpg,34,5.119999885559082,2.8155457973480225,2637.9697265625,1459.001953125,544.2055053710938,0.0075004173577126855,13,91
test-006.jpg,35,0.0,2.1493778228759766,2599.21240234375,1179.7008056640625,543.6967163085938,0.008797969349198055,0,91
test-006.jpg,36,10.239999771118164,1.0387356281280518,2570.6748046875,1175.8297119140625,543.527587890625,0.008952199967088226,0,91
test-006.jpg,37,0.0,1.1502671241760254,2592.904296875,905.7747192382812,543.4456176757812,0.010308642684968226,23,91
test-006.jpg,38,15.359999656677246,1.2193444967269897,2599.94140625,1181.5755615234375,543.40234375,0.008826749285779244,0,91
test-006.jpg,39,0.0,1.2522481679916382,2649.1787109375,1657.2061767578125,542.9022827148438,0.006554943743054061,13,91
test-006.jpg,40,0.0,0.9800509810447693,2610.8046875,1068.10595703125,542.4414672851562,0.009048839347260158,0,91
test-006.jpg,41,5.119999885559082,2.4075443744659424,2636.13427734375,226.9982452392578,535.18310546875,0.0,-1,91
test-006.jpg,42,5.119999885559082,2.0058393478393555,2605.3359375,466.653076171875,534.4805908203125,0.00333497984176065,44,91
test-006.jpg,43,15.359999656677246,2.006639242172241,2604.2685546875,468.80517578125,534.0751953125,0.0035854370256044638,44,91
test-006.jpg,44,5.119999885559082,2.459242343902588,2590.990234375,2272.820068359375,532.40625,0.0050176648087506565,27,91
test-006.jpg,45,10.239999771118164,1.2149291038513184,2540.6357421875,1172.6217041015625,524.9620361328125,0.009084644118750786,0,91
test-006.jpg,46,0.0,1.2755941152572632,2479.08837890625,766.839111328125,522.7060546875,0.012740399839911919,23,91
test-006.jpg,47,10.239999771118164,0.970308244228363,2556.96337890625,1166.2332763671875,519.5899047851562,0.00907399171901531,0,91
test-006.jpg,48,5.119999885559082,1.8158906698226929,2562.54248046875,1657.4893798828125,519.1437377929688,0.006791274763000256,13,91
test-006.jpg,49,15.359999656677246,2.0455892086029053,2562.442138671875,1657.7984619140625,519.0731811523438,0.006818518250699567,13,91
test-006.jpg,50,15.359999656677246,2.070948839187622,2512.083740234375,554.268310546875,515.5328369140625,0.011535636137329134,44,91
test-007.jpg,1,10.239999771118164,0.6877871155738831,3735.6220703125,115.88861083984375,741.157470703125,0.00021677259687335082,79,89
test-007.jpg,2,5.119999885559082,0.8935497403144836,3267.691650390625,2085.30322265625,679.1892700195312,0.006016437610236315,19,89
test-007.jpg,3,5.119999885559082,2.250786066055298,3134.089599609375,881.7774047851562,641.6014404296875,0.01386294800947957,32,89
test-007.jpg,4,15.359999656677246,3.372122049331665,2948.36279296875,1646.1864013671875,616.741943359375,0.008491445173317631,19,89
test-007.jpg,5,15.359999656677246,2.4778738021850586,2994.526611328125,1889.22509765625,611.5360717773438,0.007279038958475697,19,89
test-007.jpg,6,5.119999885559082,0.9405820369720459,2877.477294921875,1998.7978515625,606.6654663085938,0.0071298375715702356,19,89
test-007.jpg,7,15.359999656677246,3.386007308959961,2875.21875,2000.6156005859375,605.3873901367188,0.007163247871375185,19,89
test-007.jpg,8,15.359999656677246,0.8849601745605469,3041.907470703125,2431.66943359375,602.754638671875,0.0055614573587556134,19,89
test-007.jpg,9,15.359999656677246,2.6560981273651123,2707.862548828125,1163.5904541015625,572.5419921875,0.012205122402902923,32,89
test-007.jpg,10,10.239999771118164,0.6285017728805542,2709.736572265625,1163.7235107421875,572.5114135742188,0.012150886201287174,32,89
test-007.jpg,11,5.119999885559082,1.0453845262527466,2689.259033203125,2061.530029296875,572.386474609375,0.0073978950410972305,19,89
test-007.jpg,12,15.359999656677246,1.1011775732040405,2830.900390625,590.29833984375,558.1513061523438,0.0227535165919596,49,89
test-007.jpg,13,10.239999771118164,1.914109706878662,2698.718505859375,1897.251220703125,553.4716186523438,0.008029518823469126,19,89
test-007.jpg,14,15.359999656677246,1.4832161664962769,2708.10595703125,1896.682373046875,553.0202026367188,0.008017377232612135,19,89
test-007.jpg,15,5.119999885559082,0.9523353576660156,2647.253662109375,1311.4149169921875,547.0039672851562,0.011018602523666158,32,89
test-007.jpg,16,0.0,0.7233202457427979,2614.926513671875,1576.1607666015625,546.8740234375,0.009931661360584577,19,89
test-007.jpg,17,15.359999656677246,3.43412446975708,2615.320556640625,1575.962158203125,546.6886596679688,0.010007311066650617,19,89
test-007.jpg,18,0.0,0.8625546097755432,2647.9111328125,1312.2269287109375,546.6549072265625,0.010987000378217024,32,89
test-007.jpg,19,15.359999656677246,3.2748501300811768,2638.375732421875,2314.53271484375,544.3858642578125,0.006748904116538288,19,89
test-007.jpg,20,15.359999656677246,0.9426192045211792,2712.31689453125,2230.003173828125,541.1075439453125,0.006805917550802663,19,89
test-007.jpg,21,5.119999885559082,1.3399375677108765,2598.1162109375,2112.50146484375,533.92041015625,0.007474105269759388,19,89
test-007.jpg,22,5.119999885559082,1.0945630073547363,2518.82177734375,2467.027099609375,531.5404052734375,0.0069503324442174216,21,89
test-007.jpg,23,5.119999885559082,1.2061796188354492,2580.216796875,1208.354736328125,531.4183349609375,0.012273025819735902,32,89
test-007.jpg,24,15.359999656677246,3.2601706981658936,2577.95458984375,1207.2529296875,531.0897216796875,0.012365228494529099,32,89
test-007.jpg,25,5.119999885559082,1.014338493347168,2452.642333984375,2195.257080078125,506.0786437988281,0.007618530693792477,19,89
test-007.jpg,26,15.359999656677246,2.9759621620178223,2438.937744140625,1035.9327392578125,502.5946350097656,0.015239363241721591,32,89
test-007.jpg,27,5.119999885559082,2.0494680404663086,2440.680908203125,1038.579345703125,502.587646484375,0.015112110000635825,32,89
test-007.jpg,28,15.359999656677246,2.597841501235962,2407.6103515625,1226.3570556640625,501.48455810546875,0.013031767528713534,32,89
test-007.jpg,29,0.0,0.6425125002861023,2406.383056640625,1224.0611572265625,501.31207275390625,0.012958838281263985,32,89
test-007.jpg,30,10.239999771118164,0.6589809656143188,2373.318359375,2682.71435546875,499.49993896484375,0.007242138436741896,21,89
test-007.jpg,31,15.359999656677246,0.9728795289993286,2355.1015625,2673.556396484375,498.26910400390625,0.007340294930593618,21,89
test-007.jpg,32,5.119999885559082,0.9776808023452759,2359.289794921875,2679.55517578125,498.0592041015625,0.007278982691367726,21,89
test-007.jpg,33,15.359999656677246,2.7976348400115967,2351.587158203125,2680.00341796875,496.38726806640625,0.007338644715531189,21,89
test-007.jpg,34,10.239999771118164,0.8637322783470154,2364.577880859375,2799.36279296875,493.7637939453125,0.006966565578645061,21,89
test-007.jpg,35,0.0,0.7847188711166382,2375.785888671875,840.6009521484375,490.711181640625,0.01912116558738616,32,89
test-007.jpg,36,5.119999885559082,1.9313474893569946,2373.062255859375,839.8568115234375,490.597900390625,0.019227792639047798,32,89
test-007.jpg,37,15.359999656677246,1.0217701196670532,2335.4912109375,843.781005859375,488.7944641113281,0.01951146409086953,32,89
test-007.jpg,38,5.119999885559082,1.4568421840667725,2281.05126953125,1785.12353515625,485.7237243652344,0.010078820487154087,19,89
test-007.jpg,39,15.359999656677246,3.042119026184082,2279.53466796875,1784.5042724609375,485.66986083984375,0.01014369139357687,19,89
test-007.jpg,40,5.119999885559082,1.6983976364135742,2331.028564453125,1921.0562744140625,483.8204650878906,0.009165031423171568,19,89
test-007.jpg,41,0.0,1.2855298519134521,2292.21240234375,238.0349578857422,474.7100524902344,0.005948088614155866,58,89
test-007.jpg,42,0.0,0.6158072352409363,2376.640625,2311.827392578125,473.1087341308594,0.007448680276837912,19,89
test-007.jpg,43,15.359999656677246,1.254573941230774,2377.50048828125,2309.848876953125,473.0985107421875,0.0075029009330332685,19,89
test-007.jpg,44,15.359999656677246,2.9478108882904053,2232.288330078125,845.7093505859375,470.15533447265625,0.020419709756111726,32,89
test-007.jpg,45,15.359999656677246,2.259404182434082,2158.546630859375,411.2356872558594,460.45819091796875,0.016625940797184085,58,89
test-007.jpg,46,0.0,0.614726722240448,2227.48291015625,2635.3056640625,460.398681640625,0.00782111419947521,21,89
test-007.jpg,47,15.359999656677246,3.1743416786193848,2228.387451171875,2636.560546875,460.3768005371094,0.007876101932721738,21,89
test-007.jpg,48,5.119999885559082,1.746554970741272,2158.8232421875,1438.06201171875,451.41070556640625,0.013226558573567419,19,89
test-007.jpg,49,15.359999656677246,2.3965039253234863,2168.68408203125,543.6121826171875,450.608642578125,0.014839322618028986,58,89
test-007.jpg,50,0.0,1.443498134613037,2168.030029296875,542.7666625976562,450.48406982421875,0.014622696310538183,58,89
test-008.jpg,1,15.359999656677246,0.5875282287597656,3815.53271484375,150.60061645507812,749.7124633789062,0.0,-1,79
test-008.jpg,2,15.359999656677246,3.002532720565796,3645.302490234375,919.4884643554688,742.6783447265625,0.009378406364402472,0,79
test-008.jpg,3,15.359999656677246,1.8965084552764893,3457.3369140625,1090.9593505859375,707.727783203125,0.008579365030694236,12,79
test-008.jpg,4,10.239999771118164,0.7301464676856995,3458.359130859375,1091.3040771484375,707.3071899414062,0.008552216094908438,12,79
test-008.jpg,5,0.0,1.5172631740570068,3360.156982421875,1388.31005859375,697.0006713867188,0.007586155531769688,29,79
test-008.jpg,6,15.359999656677246,2.7357404232025146,3359.6142578125,1387.19384765625,696.78369140625,0.007594999685473748,29,79
test-008.jpg,7,10.239999771118164,0.5483217239379883,3235.9677734375,1088.0780029296875,672.1486206054688,0.009167421669862376,12,79
test-008.jpg,8,0.0,0.8195608258247375,3290.363037109375,1511.13623046875,667.613037109375,0.008466854827540355,8,79
test-008.jpg,9,15.359999656677246,2.9481892585754395,3289.91552734375,1510.8238525390625,667.4885864257812,0.008510065484384143,8,79
test-008.jpg,10,0.0,1.149944543838501,3185.035888671875,1801.054931640625,659.6319580078125,0.011281984137842824,55,79
test-008.jpg,11,15.359999656677246,2.686981678009033,3187.658203125,1800.6153564453125,659.499267578125,0.011308722665448826,55,79
test-008.jpg,12,5.119999885559082,1.4116629362106323,3125.8759765625,1646.511474609375,657.9078979492188,0.00850728130820512,8,79
test-008.jpg,13,15.359999656677246,2.6308274269104004,3126.8349609375,1647.02783203125,657.8956909179688,0.008536303936905085,8,79
test-008.jpg,14,0.0,0.7083026766777039,3214.178466796875,414.9454040527344,652.06787109375,0.008654328693951495,0,79
test-008.jpg,15,15.359999656677246,1.244414210319519,3208.968505859375,1266.2371826171875,646.4766235351562,0.008621518318847266,19,79
test-008.jpg,16,15.359999656677246,3.2161245346069336,3107.98681640625,2045.641845703125,641.8525390625,0.015359867940612145,55,79
test-008.jpg,17,10.239999771118164,0.5343725085258484,3174.923828125,1240.1656494140625,641.4776000976562,0.008878316466845126,19,79
test-008.jpg,18,0.0,1.137819528579712,3109.044921875,1518.4617919921875,636.31396484375,0.009199530798116595,8,79
test-008.jpg,19,0.0,0.8820981383323669,3119.816162109375,1188.101318359375,632.1136474609375,0.009403587109294466,19,79
test-008.jpg,20,5.119999885559082,1.8363916873931885,3081.269287109375,999.3561401367188,628.326416015625,0.010167769290950243,0,79
test-008.jpg,21,15.359999656677246,2.7022504806518555,3081.480712890625,998.9244384765625,628.233642578125,0.010214312362219018,0,79
test-008.jpg,22,15.359999656677246,2.976917266845703,2995.7158203125,1748.026611328125,623.0635375976562,0.00839782734204285,8,79
test-008.jpg,23,15.359999656677246,2.4717791080474854,2951.06396484375,1181.699462890625,611.4102783203125,0.010061055594913548,19,79
test-008.jpg,24,5.119999885559082,1.9097161293029785,2950.6787109375,1182.2052001953125,611.1878051757812,0.010018323364709838,19,79
test-008.jpg,25,5.119999885559082,1.2357327938079834,2953.9423828125,1660.927490234375,602.0137939453125,0.008924148856407856,8,79
test-008.jpg,26,0.0,1.188230037689209,2951.801025390625,1663.561767578125,601.9207763671875,0.008900761438788414,8,79
test-008.jpg,27,0.0,1.0496457815170288,2870.866455078125,1090.95361328125,581.9608154296875,0.010278146787944361,12,79
test-008.jpg,28,5.119999885559082,1.780480980873108,2869.5751953125,1090.5740966796875,581.8321533203125,0.010311656580318886,12,79
test-008.jpg,29,15.359999656677246,2.4290287494659424,2869.3388671875,1090.271484375,581.711669921875,0.010358557541158189,12,79
test-008.jpg,30,5.119999885559082,2.2682015895843506,2774.3779296875,573.58984375,576.600341796875,0.019720163447440806,0,79
test-008.jpg,31,15.359999656677246,2.7355411052703857,2801.22998046875,1911.4947509765625,572.4281005859375,0.018245227421860945,55,79
test-008.jpg,32,15.359999656677246,2.348414659500122,2778.74755859375,1604.36865234375,568.1873168945312,0.009865817130129625,8,79
test-008.jpg,33,10.239999771118164,0.5218929648399353,2778.968994140625,1606.482666015625,567.7796630859375,0.009822622994429842,8,79
test-008.jpg,34,15.359999656677246,2.902449131011963,2727.473388671875,1108.327392578125,564.401611328125,0.010727016220664107,12,79
test-008.jpg,35,5.119999885559082,1.5192160606384277,2728.57177734375,1107.6939697265625,564.07568359375,0.010675116121806135,12,79
test-008.jpg,36,5.119999885559082,1.0944066047668457,2696.39501953125,2381.5947265625,561.7208862304688,0.015143802804189093,55,79
test-008.jpg,37,15.359999656677246,0.7961245179176331,2678.578369140625,1037.1712646484375,561.17919921875,0.011651779986321721,12,79
test-008.jpg,38,5.119999885559082,0.7170339226722717,2772.060546875,2707.295654296875,559.224609375,0.012955100778921261,55,79
test-008.jpg,39,10.239999771118164,1.2453932762145996,2775.4541015625,2708.386474609375,558.494384765625,0.012960495866596073,55,79
test-008.jpg,40,15.359999656677246,2.7488980293273926,2668.25341796875,1015.2230834960938,545.805419921875,0.011615845654250183,0,79
test-008.jpg,41,5.119999885559082,1.8994561433792114,2654.53271484375,1997.507080078125,543.8740844726562,0.018350018212499725,55,79
test-008.jpg,42,15.359999656677246,2.3246121406555176,2627.242431640625,523.0474853515625,541.2096557617188,0.020954844340643576,0,79
test-008.jpg,43,10.239999771118164,1.044455885887146,2532.588134765625,1375.3907470703125,534.9077758789062,0.009575816023732416,29,79
test-008.jpg,44,15.359999656677246,1.5648305416107178,2531.99609375,1376.1075439453125,534.5879516601562,0.009630641827262646,29,79
test-008.jpg,45,5.119999885559082,2.7564890384674072,2504.58056640625,1912.521484375,515.0051879882812,0.020325210502753387,55,79
test-008.jpg,46,15.359999656677246,0.8125558495521545,2591.917724609375,1861.599365234375,513.3218994140625,0.018535059317004787,55,79
test-008.jpg,47,5.119999885559082,2.399571418762207,2367.892578125,814.6563720703125,501.5428161621094,0.016256959205703525,0,79
test-008.jpg,48,15.359999656677246,1.4598298072814941,2354.32861328125,1718.4827880859375,499.5408630371094,0.010875327923129242,8,79
test-008.jpg,49,5.119999885559082,2.9759206771850586,2353.798828125,1718.7457275390625,499.4852600097656,0.010838275926127516,8,79
test-008.jpg,50,0.0,1.605028748512268,2404.587158203125,963.1482543945312,499.24652099609375,0.013494141445823631,0,79
test-009.jpg,1,15.359999656677246,0.6144272685050964,4003.4375,2805.838134765625,791.5266723632812,0.0033384731550064077,23,77
test-009.jpg,2,5.119999885559082,2.930866241455078,3000.024169921875,1949.728759765625,620.2844848632812,0.0058650471823264065,2,77
test-009.jpg,3,5.119999885559082,1.219610333442688,2945.546630859375,1618.85693359375,615.8189086914062,0.007189253578570412,2,77
test-009.jpg,4,5.119999885559082,3.0591769218444824,3009.77685546875,976.1753540039062,614.1976318359375,0.011695417645637139,2,77
test-009.jpg,5,15.359999656677246,1.7038888931274414,3010.40380859375,976.6221923828125,614.0623779296875,0.011711267611975914,2,77
test-009.jpg,6,0.0,0.5998513698577881,2895.65771484375,1056.289794921875,600.2698364257812,0.011186434903401756,2,77
test-009.jpg,7,15.359999656677246,1.0041762590408325,2820.3837890625,1932.240234375,584.3466796875,0.00631252917021127,2,77
test-009.jpg,8,15.359999656677246,2.1245651245117188,2814.0322265625,912.15185546875,573.7634887695312,0.013426686665423699,2,77
test-009.jpg,9,15.359999656677246,1.6847124099731445,2668.009033203125,347.87078857421875,555.0369873046875,0.0019807573679268883,15,77
test-009.jpg,10,15.359999656677246,1.3082095384597778,2716.6318359375,497.1571960449219,553.5098876953125,0.022574089442250853,15,77
test-009.jpg,11,15.359999656677246,0.912514328956604,2639.43115234375,1740.5880126953125,552.3689575195312,0.007490856104712302,2,77
test-009.jpg,12,5.119999885559082,3.3916869163513184,2640.0908203125,1741.0677490234375,552.1472778320312,0.007468453473430469,2,77
test-009.jpg,13,15.359999656677246,0.9858068823814392,2640.8310546875,817.4226684570312,546.16796875,0.014695376405212287,8,77
test-009.jpg,14,5.119999885559082,1.5548356771469116,2564.62060546875,1551.962890625,539.488037109375,0.008617356413798545,2,77
test-009.jpg,15,10.239999771118164,0.6290909051895142,2563.32275390625,1551.7066650390625,539.4711303710938,0.008635289414302126,2,77
test-009.jpg,16,15.359999656677246,2.6573824882507324,2644.831298828125,2502.218017578125,538.3804321289062,0.005682597121568914,23,77
test-009.jpg,17,0.0,0.8766452074050903,2563.041748046875,2335.3388671875,537.6172485351562,0.0058795062696256305,13,77
test-009.jpg,18,15.359999656677246,1.1775121688842773,2608.936767578125,945.9202880859375,537.6027221679688,0.013956053363396346,2,77
test-009.jpg,19,0.0,0.6807520985603333,2501.375,1883.9970703125,526.3336181640625,0.007258940456909763,2,77
test-009.jpg,20,5.119999885559082,3.166780710220337,2501.89306640625,1882.447998046875,526.143310546875,0.007287934561040629,2,77
test-009.jpg,21,5.119999885559082,2.14569354057312,2560.412109375,2624.902587890625,522.9066772460938,0.005572888925003707,23,77
test-009.jpg,22,5.119999885559082,2.233207941055298,2451.3115234375,1683.15185546875,511.9833984375,0.0083164533614333,2,77
test-009.jpg,23,10.239999771118164,0.5686327219009399,2368.148193359375,1060.9483642578125,503.48089599609375,0.013676878817582592,2,77
test-009.jpg,24,5.119999885559082,2.080934524536133,2346.774169921875,2384.733154296875,497.32476806640625,0.006620128959365388,13,77
test-009.jpg,25,5.119999885559082,3.172208786010742,2367.911865234375,1763.67919921875,490.8368835449219,0.008220762235976887,2,77
test-009.jpg,26,5.119999885559082,3.5878095626831055,2276.14306640625,914.1986083984375,473.6413879394531,0.016535638408640453,2,77
test-009.jpg,27,5.119999885559082,3.10274600982666,2281.485595703125,1154.2425537109375,473.3875427246094,0.01304984107187149,2,77
test-009.jpg,28,0.0,0.7433091998100281,2139.890380859375,2271.177490234375,460.92572021484375,0.006483508892895199,8,77
test-009.jpg,29,15.359999656677246,1.835925817489624,2227.099365234375,1514.059326171875,460.4266662597656,0.010224107484527754,2,77
test-009.jpg,30,5.119999885559082,3.404571056365967,2195.60888671875,1695.351318359375,458.14923095703125,0.008499293169049573,8,77
test-009.jpg,31,15.359999656677246,1.1123483180999756,2197.48974609375,1690.9093017578125,457.337158203125,0.008569617890198548,2,77
test-009.jpg,32,5.119999885559082,0.9015762209892273,2124.649658203125,1533.6221923828125,455.5469665527344,0.009696344940446432,8,77
test-009.jpg,33,5.119999885559082,3.600442886352539,2134.960693359375,1282.077880859375,449.2832336425781,0.011568321906726598,8,77
test-009.jpg,34,5.119999885559082,2.957709312438965,2152.517333984375,1026.3431396484375,446.532470703125,0.014333719929846826,8,77
test-009.jpg,35,0.0,2.6210219860076904,2128.745361328125,501.615234375,446.46368408203125,0.01316657249616883,15,77
test-009.jpg,36,15.359999656677246,1.3913226127624512,2092.999267578125,1582.9705810546875,443.1882629394531,0.009586265390064817,8,77
test-009.jpg,37,0.0,2.3356666564941406,2042.8375244140625,334.21429443359375,434.4190368652344,0.0,-1,77
test-009.jpg,38,10.239999771118164,0.5340974926948547,2041.6522216796875,335.0417175292969,434.23809814453125,0.0,-1,77
test-009.jpg,39,15.359999656677246,0.7515579462051392,2070.6416015625,1607.341552734375,431.7560729980469,0.009539687780792522,8,77
test-009.jpg,40,15.359999656677246,0.9468300938606262,2008.552490234375,734.4609375,431.6270446777344,0.013171806255688536,8,77
test-009.jpg,41,15.359999656677246,1.8617849349975586,2067.39892578125,1643.4942626953125,427.0236511230469,0.009350805495556863,8,77
test-009.jpg,42,0.0,0.531959593296051,1981.2958984375,1159.4437255859375,421.86712646484375,0.013718633099543142,8,77
test-009.jpg,43,5.119999885559082,2.556504011154175,2017.925048828125,1266.6588134765625,417.97601318359375,0.012380170215709191,8,77
test-009.jpg,44,15.359999656677246,1.7443606853485107,2016.760986328125,1261.156005859375,417.5160827636719,0.012497085455136886,8,77
test-009.jpg,45,15.359999656677246,1.9537816047668457,1909.79541015625,2185.049560546875,416.0626220703125,0.007607839477718337,7,77
test-009.jpg,46,5.119999885559082,0.48046988248825073,1998.6951904296875,1263.1590576171875,411.9798583984375,0.012513682091842752,8,77
test-009.jpg,47,15.359999656677246,1.772121548652649,1969.2833251953125,1464.880615234375,409.9571838378906,0.011018602216522448,8,77
test-009.jpg,48,5.119999885559082,0.5460155010223389,1914.98193359375,1262.80517578125,402.1810607910156,0.01305159021454056,7,77
test-009.jpg,49,15.359999656677246,1.0392541885375977,1873.84423828125,1272.696044921875,399.0113525390625,0.013313282155424625,7,77
test-009.jpg,50,15.359999656677246,0.521848201751709,1876.64453125,1205.59033203125,396.5402526855469,0.01402779584810157,7,77
test-010.jpg,1,3.9000000953674316,2.567204713821411,2724.801513671875,2608.7275390625,778.0645751953125,0.0031628354265674963,110,124
test-010.jpg,2,0.0,1.577243685722351,2632.255615234375,2130.348876953125,717.1204833984375,0.003935060905045284,49,124
test-010.jpg,3,11.699999809265137,3.9269304275512695,2607.337646484375,2274.9814453125,695.9280395507812,0.003740562969000208,49,124
test-010.jpg,4,3.9000000953674316,2.9071059226989746,2587.704345703125,1869.0135498046875,689.7060546875,0.004554453778207184,6,124
test-010.jpg,5,11.699999809265137,3.2100625038146973,2559.261474609375,2693.005859375,685.1583251953125,0.0032624969747620017,39,124
test-010.jpg,6,7.800000190734863,2.278010129928589,2557.539794921875,2399.44970703125,678.1106567382812,0.003607560226796092,49,124
test-010.jpg,7,7.800000190734863,2.4028751850128174,2537.583740234375,2325.452880859375,677.696044921875,0.003752032905243388,49,124
test-010.jpg,8,0.0,1.9326796531677246,2521.814697265625,2316.0341796875,675.1776123046875,0.003778444247981017,49,124
test-010.jpg,9,7.800000190734863,1.647512435913086,2521.442626953125,2318.596923828125,673.4119262695312,0.0037860688707491716,49,124
test-010.jpg,10,11.699999809265137,3.384230613708496,2411.225341796875,1888.8065185546875,647.9140014648438,0.004853984197692015,6,124
test-010.jpg,11,3.9000000953674316,2.299712896347046,2375.560546875,2235.054443359375,645.2249145507812,0.004164041475458568,49,124
test-010.jpg,12,11.699999809265137,3.4853646755218506,2376.9912109375,2232.621826171875,644.898681640625,0.004182031697062742,49,124
test-010.jpg,13,11.699999809265137,3.4253807067871094,2382.6650390625,2944.89794921875,641.1946411132812,0.0033622838442872297,68,124
test-010.jpg,14,3.9000000953674316,3.661445379257202,2386.741943359375,1580.19384765625,637.2789916992188,0.005845668703309006,6,124
test-010.jpg,15,11.699999809265137,2.8870019912719727,2326.5380859375,1328.5985107421875,635.070556640625,0.00441295984278895,17,124
test-010.jpg,16,11.699999809265137,2.997243642807007,2328.81982421875,1769.388427734375,634.8456420898438,0.005365336368800705,6,124
test-010.jpg,17,0.0,1.928749442100525,2353.558837890625,2080.744873046875,633.4500732421875,0.00450679140347907,49,124
test-010.jpg,18,11.699999809265137,3.6348962783813477,2279.435791015625,2396.811767578125,623.0679931640625,0.004062948732733367,49,124
test-010.jpg,19,7.800000190734863,2.348668098449707,2298.11767578125,2164.140380859375,616.93701171875,0.004453475027471068,49,124
test-010.jpg,20,7.800000190734863,2.438401460647583,2285.049072265625,2184.38134765625,614.0045166015625,0.0044376665883730055,49,124
test-010.jpg,21,7.800000190734863,2.1359500885009766,2257.095947265625,2105.779052734375,595.9755859375,0.004660043088658323,49,124
test-010.jpg,22,11.699999809265137,2.320404529571533,2203.455078125,1956.7098388671875,590.6109619140625,0.005126597343719118,6,124
test-010.jpg,23,0.0,2.552957534790039,2201.765380859375,1958.4017333984375,590.4866943359375,0.005099481544128547,6,124
test-010.jpg,24,11.699999809265137,4.018016338348389,2202.741943359375,2199.88330078125,589.5865478515625,0.0045830248238303405,49,124
test-010.jpg,25,3.9000000953674316,3.3909482955932617,2153.96240234375,1625.2197265625,587.2421264648438,0.005794897708738018,20,124
test-010.jpg,26,3.9000000953674316,2.871932029724121,2156.663818359375,2716.15869140625,586.3389892578125,0.0038273838487914253,39,124
test-010.jpg,27,11.699999809265137,3.0609042644500732,2156.9462890625,2715.093505859375,586.1448974609375,0.0038425721927249257,39,124
test-010.jpg,28,3.9000000953674316,2.9506940841674805,2172.326416015625,2475.02001953125,582.3958129882812,0.004113421927505631,49,124
test-010.jpg,29,0.0,2.8147943019866943,2139.32958984375,3283.8173828125,582.212158203125,0.003340719834112045,68,124
test-010.jpg,30,3.9000000953674316,2.888131618499756,2147.551025390625,1784.82177734375,576.4865112304688,0.0052900067645516614,20,124
test-010.jpg,31,11.699999809265137,3.1771352291107178,2148.022705078125,1785.427001953125,576.4364624023438,0.005307211488255573,20,124
test-010.jpg,32,3.9000000953674316,4.384844779968262,2128.527587890625,2972.972412109375,575.4136962890625,0.0037178481354566335,68,124
test-010.jpg,33,3.9000000953674316,2.6033782958984375,2124.662353515625,2066.34814453125,573.7890014648438,0.005038028308834717,49,124
test-010.jpg,34,3.9000000953674316,2.9961869716644287,2118.702392578125,1532.6563720703125,570.6866455078125,0.006246504909532906,20,124
test-010.jpg,35,11.699999809265137,3.9577314853668213,2069.92138671875,2302.0361328125,563.0802612304688,0.0046617788390042065,49,124
test-010.jpg,36,3.9000000953674316,2.0037381649017334,2009.471435546875,1341.6142578125,560.7835693359375,0.005564581675565212,17,124
test-010.jpg,37,11.699999809265137,3.540987730026245,2076.6591796875,2610.52099609375,560.4801025390625,0.004095995040052481,49,124
test-010.jpg,38,3.9000000953674316,2.5250322818756104,2076.721435546875,2610.048583984375,560.4385375976562,0.004079608264623454,49,124
test-010.jpg,39,0.0,2.9960339069366455,2039.3331298828125,2869.63134765625,546.27001953125,0.004011101995038993,68,124
test-010.jpg,40,3.9000000953674316,2.6435387134552,1971.3856201171875,1940.4686279296875,542.1337890625,0.005299997931907781,20,124
test-010.jpg,41,0.0,2.6135215759277344,2005.87255859375,3085.2138671875,540.2396240234375,0.0037923094375904636,68,124
test-010.jpg,42,11.699999809265137,2.8437981605529785,2005.68212890625,3083.941162109375,540.1166381835938,0.0038167845234888063,68,124
test-010.jpg,43,11.699999809265137,3.519193410873413,1937.7591552734375,2617.51611328125,532.691650390625,0.004379594490180709,49,124
test-010.jpg,44,11.699999809265137,2.691204786300659,1909.9541015625,2483.191650390625,520.3150024414062,0.004682900578029036,49,124
test-010.jpg,45,3.9000000953674316,2.9727816581726074,1874.19677734375,1776.441162109375,520.0447998046875,0.006092111820524744,20,124
test-010.jpg,46,11.699999809265137,2.938096284866333,1873.573974609375,1775.5770263671875,519.84912109375,0.006122535009244244,20,124
test-010.jpg,47,11.699999809265137,3.1115238666534424,1915.333984375,1514.3623046875,518.8984985351562,0.007023957155043823,20,124
test-010.jpg,48,11.699999809265137,3.2206640243530273,1920.1331787109375,2070.083740234375,516.9220581054688,0.005590104527031503,49,124
test-010.jpg,49,11.699999809265137,3.6002354621887207,1869.051025390625,2682.96484375,513.1431884765625,0.004492295276750189,39,124
test-010.jpg,50,0.0,2.2562060356140137,1863.5377197265625,3042.530029296875,504.92486572265625,0.004138790453626572,68,124
test-011.jpg,1,13.005000114440918,0.17112617194652557,2308.247802734375,0.0,1035.5452880859375,0.0,-1,17
test-011.jpg,2,8.670000076293945,0.17007023096084595,2308.247802734375,0.0,1035.5452880859375,0.0,-1,17
test-011.jpg,3,4.335000038146973,0.17154617607593536,2308.247802734375,0.0,1035.5452880859375,0.0,-1,17
test-011.jpg,4,0.0,0.17034627497196198,2308.247802734375,0.0,1035.5452880859375,0.0,-1,17
test-011.jpg,5,13.005000114440918,0.16828639805316925,2312.227783203125,3081.0830078125,1034.609375,0.010783051159632582,14,17
test-011.jpg,6,8.670000076293945,0.16685818135738373,2924.719482421875,3920.956787109375,886.322021484375,0.006680884045391434,14,17
test-011.jpg,7,4.335000038146973,0.17369645833969116,2695.7880859375,0.0,839.7291870117188,0.0,-1,17
test-011.jpg,8,13.005000114440918,0.21181119978427887,2756.01171875,3451.010986328125,818.8143310546875,0.008069671213630721,14,17
test-011.jpg,9,13.005000114440918,0.1906784325838089,2948.125244140625,2723.9990234375,814.4541625976562,0.009554323750988506,14,17
test-011.jpg,10,13.005000114440918,0.16953608393669128,2954.611328125,2853.5927734375,813.0012817382812,0.009100214990128036,14,17
test-011.jpg,11,13.005000114440918,0.5268332958221436,2751.822021484375,3706.132080078125,810.3245239257812,0.007526277488564579,14,17
test-011.jpg,12,13.005000114440918,0.15993672609329224,2929.724365234375,2356.41064453125,806.877197265625,0.011114405925262671,14,17
test-011.jpg,13,0.0,0.1992533951997757,2858.2109375,3566.359375,805.8797607421875,0.007493889436466852,14,17
test-011.jpg,14,13.005000114440918,0.159074068069458,3096.7265625,1495.78173828125,791.9674072265625,0.00800018738933234,7,17
test-011.jpg,15,4.335000038146973,0.29312846064567566,3149.925048828125,964.2202758789062,769.3551025390625,0.0,-1,17
test-011.jpg,16,13.005000114440918,0.18129010498523712,3111.42578125,2099.655517578125,741.7797241210938,0.011742253521352877,14,17
test-011.jpg,17,13.005000114440918,0.22636175155639648,3109.303466796875,334.5374755859375,737.9942016601562,0.0,-1,17
test-011.jpg,18,13.005000114440918,0.328077495098114,3105.39306640625,2163.416259765625,736.1052856445312,0.01141916068224281,14,17
test-011.jpg,19,13.005000114440918,0.19996914267539978,3025.951904296875,592.0530395507812,714.708984375,0.0,-1,17
test-011.jpg,20,13.005000114440918,0.22134260833263397,2697.09814453125,3120.428466796875,710.5645141601562,0.00912055759929039,14,17
test-011.jpg,21,13.005000114440918,1.5420920848846436,3004.585205078125,565.5579833984375,705.9434814453125,0.0,-1,17
test-011.jpg,22,13.005000114440918,0.1702415496110916,2967.13037109375,849.7086181640625,705.3983764648438,0.0,-1,17
test-011.jpg,23,13.005000114440918,0.1582343727350235,2966.692626953125,914.916748046875,701.80908203125,0.0,-1,17
test-011.jpg,24,13.005000114440918,0.20352718234062195,2855.863037109375,1780.0218505859375,699.0970458984375,0.012280198034429543,14,17
test-011.jpg,25,13.005000114440918,0.28833964467048645,2920.487060546875,574.3455810546875,692.5609130859375,0.0,-1,17
test-011.jpg,26,13.005000114440918,0.2469753473997116,2913.827880859375,1164.76953125,692.50927734375,0.0,-1,17
test-011.jpg,27,13.005000114440918,0.1811637282371521,2924.601806640625,707.296875,692.022216796875,0.0,-1,17
test-011.jpg,28,13.005000114440918,0.1685335785150528,2870.0791015625,1513.8128662109375,690.1825561523438,0.009717795919072509,7,17
test-011.jpg,29,13.005000114440918,0.22659045457839966,2892.757080078125,696.31787109375,688.041748046875,0.0,-1,17
test-011.jpg,30,13.005000114440918,0.21605324745178223,2822.88720703125,2128.77392578125,684.818359375,0.012771115145827258,14,17
test-011.jpg,31,13.005000114440918,0.16580431163311005,2873.074951171875,1274.6217041015625,678.8612670898438,0.0,-1,17
test-011.jpg,32,13.005000114440918,0.29059693217277527,2841.7119140625,583.8370971679688,677.9741821289062,0.0,-1,17
test-011.jpg,33,8.670000076293945,0.16824421286582947,2770.228759765625,2837.39599609375,675.749267578125,0.009748861706225586,14,17
test-011.jpg,34,0.0,0.18548369407653809,2741.834228515625,2150.253173828125,673.7127075195312,0.01295713759348358,14,17
test-011.jpg,35,8.670000076293945,0.21538618206977844,2752.683837890625,2852.63330078125,673.3255615234375,0.009758946672316901,14,17
test-011.jpg,36,13.005000114440918,0.22702348232269287,2791.646240234375,663.3817749023438,671.1661376953125,0.0,-1,17
test-011.jpg,37,8.670000076293945,0.1605357527732849,2759.515625,2871.473388671875,670.4417724609375,0.009670649953078972,14,17
test-011.jpg,38,13.005000114440918,0.1671963781118393,2801.446044921875,1504.4549560546875,669.9805297851562,0.009382366706189997,7,17
test-011.jpg,39,8.670000076293945,0.16278468072414398,2769.097900390625,2965.116455078125,665.9765014648438,0.009332716586158071,14,17
test-011.jpg,40,13.005000114440918,0.18885375559329987,2756.08740234375,1599.6180419921875,662.8135375976562,0.011675114248750694,7,17
test-011.jpg,41,0.0,0.161199688911438,2742.866455078125,1759.298583984375,662.72705078125,0.012112935092884313,14,17
test-011.jpg,42,13.005000114440918,0.21343056857585907,2755.835205078125,2416.093505859375,661.0399169921875,0.011527313430128968,14,17
test-011.jpg,43,13.005000114440918,0.1638847291469574,2722.406982421875,1555.937255859375,658.0966796875,0.012151929251917212,7,17
test-011.jpg,44,0.0,0.16073590517044067,2656.071533203125,1520.589111328125,654.3612670898438,0.010883967205148736,7,17
test-011.jpg,45,0.0,0.17128877341747284,2606.273193359375,3966.531982421875,653.3207397460938,0.007389078059837424,14,17
test-011.jpg,46,13.005000114440918,0.3228372037410736,2738.282470703125,2398.9677734375,650.62646484375,0.01168491899011273,14,17
test-011.jpg,47,0.0,0.1865670382976532,2697.9287109375,2558.487060546875,650.045166015625,0.011066756971980844,14,17
test-011.jpg,48,0.0,0.15965886414051056,2242.168212890625,3254.2119140625,641.90966796875,0.0104691080773497,14,17
test-011.jpg,49,8.670000076293945,0.1591947376728058,1837.1522216796875,4061.461181640625,640.8104858398438,0.010285996487846656,14,17
test-011.jpg,50,0.0,0.1672876626253128,2669.452392578125,2897.7431640625,637.101318359375,0.009875188630746594,14,17
test-012.jpg,1,13.005000114440918,0.1766342967748642,2309.48193359375,0.0,1035.265869140625,0.0,-1,17
test-012.jpg,2,8.670000076293945,0.17534379661083221,2309.48193359375,0.0,1035.265869140625,0.0,-1,17
test-012.jpg,3,4.335000038146973,0.17693182826042175,2309.48193359375,0.0,1035.265869140625,0.0,-1,17
test-012.jpg,4,0.0,0.17545261979103088,2309.48193359375,0.0,1035.265869140625,0.0,-1,17
test-012.jpg,5,13.005000114440918,0.16468365490436554,2314.072509765625,3083.400634765625,1034.1923828125,0.01064507834076109,16,17
test-012.jpg,6,8.670000076293945,0.1780281662940979,2927.097412109375,3915.55322265625,888.9865112304688,0.006609410143442099,16,17
test-012.jpg,7,13.005000114440918,0.21281898021697998,3191.622802734375,2472.272705078125,837.5980224609375,0.009064191274507999,15,17
test-012.jpg,8,4.335000038146973,0.16792652010917664,3199.263916015625,2420.29931640625,830.12890625,0.00921141217538144,15,17
test-012.jpg,9,4.335000038146973,0.17435747385025024,3192.695068359375,0.0,827.9384765625,0.0,-1,17
test-012.jpg,10,4.335000038146973,0.20036053657531738,3235.159423828125,0.0,818.51513671875,0.0,-1,17
test-012.jpg,11,13.005000114440918,0.23297294974327087,2683.694580078125,3838.326416015625,814.9483642578125,0.007367939102008778,16,17
test-012.jpg,12,4.335000038146973,0.1731732338666916,2700.349609375,3908.40966796875,812.1680297851562,0.007167734438003349,16,17
test-012.jpg,13,13.005000114440918,0.17634905874729156,2855.9189453125,1911.29443359375,810.0310668945312,0.005207831418524104,15,17
test-012.jpg,14,4.335000038146973,0.19006070494651794,2959.968994140625,0.0,806.9798583984375,0.0,-1,17
test-012.jpg,15,13.005000114440918,0.1642262488603592,2901.8779296875,1826.080810546875,803.7012939453125,0.0016389784693283862,15,17
test-012.jpg,16,13.005000114440918,0.18381474912166595,2918.76513671875,2975.220458984375,803.2785034179688,0.008238995762078413,15,17
test-012.jpg,17,4.335000038146973,0.18919438123703003,3202.560791015625,0.0,799.8341064453125,0.0,-1,17
test-012.jpg,18,13.005000114440918,0.1890406608581543,3254.1552734375,3313.372314453125,799.75048828125,0.007032995768993247,16,17
test-012.jpg,19,4.335000038146973,0.31688618659973145,3353.56640625,996.9205932617188,797.9509887695312,0.0,-1,17
test-012.jpg,20,13.005000114440918,0.17593958973884583,2847.642333984375,2190.271728515625,791.115966796875,0.011472702909491908,15,17
test-012.jpg,21,13.005000114440918,0.16603197157382965,3221.859619140625,2723.521240234375,778.7386474609375,0.008150270612790987,15,17
test-012.jpg,22,13.005000114440918,0.23231691122055054,2950.149169921875,2317.643798828125,776.1130981445312,0.010464005073814928,15,17
test-012.jpg,23,13.005000114440918,0.2393193542957306,3225.198486328125,2799.6396484375,773.609619140625,0.00792062867945116,15,17
test-012.jpg,24,13.005000114440918,0.21611453592777252,3174.4814453125,2136.82861328125,765.4512939453125,0.010544127416523998,15,17
test-012.jpg,25,13.005000114440918,0.46345531940460205,3106.181640625,2602.655517578125,760.574951171875,0.008848757447458038,15,17
test-012.jpg,26,13.005000114440918,0.18962033092975616,3108.551513671875,1556.0645751953125,756.3408813476562,0.0,-1,17
test-012.jpg,27,13.005000114440918,0.2517383098602295,3158.52783203125,1353.8482666015625,752.6376953125,0.0,-1,17
test-012.jpg,28,13.005000114440918,0.5046055316925049,3048.21240234375,2957.6328125,738.1859741210938,0.007935381922838547,15,17
test-012.jpg,29,4.335000038146973,0.18295818567276,3012.343017578125,857.0275268554688,737.3522338867188,0.0,-1,17
test-012.jpg,30,13.005000114440918,0.19022715091705322,3081.46533203125,1363.7122802734375,733.815673828125,0.0,-1,17
test-012.jpg,31,13.005000114440918,0.17969325184822083,3026.786376953125,2079.392822265625,727.9463500976562,0.010768120695698822,15,17
test-012.jpg,32,13.005000114440918,0.23232553899288177,3002.5693359375,1591.4232177734375,724.7744750976562,0.0,-1,17
test-012.jpg,33,13.005000114440918,0.2135009467601776,3026.6669921875,2064.6982421875,724.1741943359375,0.010292068629595148,15,17
test-012.jpg,34,13.005000114440918,0.17941592633724213,3057.225830078125,984.9213256835938,724.0902709960938,0.0,-1,17
test-012.jpg,35,13.005000114440918,0.23838333785533905,2931.24609375,1572.0218505859375,702.8231811523438,0.0,-1,17
test-012.jpg,36,13.005000114440918,0.17173853516578674,2869.482666015625,2986.734130859375,697.3496704101562,0.008348797657561934,15,17
test-012.jpg,37,4.335000038146973,0.16594111919403076,2829.196533203125,880.4024047851562,694.0864868164062,0.0,-1,17
test-012.jpg,38,4.335000038146973,0.18014179170131683,2903.475830078125,679.8697509765625,693.2977905273438,0.0,-1,17
test-012.jpg,39,4.335000038146973,0.25027400255203247,2912.408935546875,692.7355346679688,688.7504272460938,0.0,-1,17
test-012.jpg,40,13.005000114440918,0.164358988404274,2910.24609375,687.7430419921875,688.3421020507812,0.0,-1,17
test-012.jpg,41,13.005000114440918,0.21123307943344116,2831.700439453125,1451.4080810546875,687.3101196289062,0.0,-1,17
test-012.jpg,42,13.005000114440918,0.6170302629470825,2760.38232421875,2342.899658203125,682.286376953125,0.011067989885330221,15,17
test-012.jpg,43,13.005000114440918,0.19106261432170868,2570.004638671875,1683.798095703125,678.8449096679688,0.0,-1,17
test-012.jpg,44,13.005000114440918,0.19308067858219147,2583.201904296875,1598.484375,664.6165771484375,0.0,-1,17
test-012.jpg,45,13.005000114440918,0.23101286590099335,2773.923583984375,1103.017578125,662.4069213867188,0.0,-1,17
test-012.jpg,46,13.005000114440918,0.17242556810379028,2601.5927734375,1428.3118896484375,657.9743041992188,0.0,-1,17
test-012.jpg,47,13.005000114440918,0.22412708401679993,2715.364990234375,1525.923828125,655.91015625,0.0,-1,17
test-012.jpg,48,13.005000114440918,0.2595328986644745,2699.5673828125,1168.163818359375,649.7499389648438,0.0,-1,17
test-012.jpg,49,13.005000114440918,0.18173332512378693,2549.552734375,1498.4625244140625,647.9020385742188,0.0,-1,17
test-012.jpg,50,13.005000114440918,0.17914138734340668,2396.099365234375,916.0194091796875,647.6134033203125,0.0,-1,17
test-013.jpg,1,11.34000015258789,0.15648280084133148,2010.2545166015625,0.0,1036.1951904296875,0.0,-1,16
test-013.jpg,2,7.559999942779541,0.1580265462398529,2010.2545166015625,0.0,1036.1951904296875,0.0,-1,16
test-013.jpg,3,3.7799999713897705,0.1578751504421234,2010.2545166015625,0.0,1036.1951904296875,0.0,-1,16
test-013.jpg,4,0.0,0.15707853436470032,2010.2545166015625,0.0,1036.1951904296875,0.0,-1,16
test-013.jpg,5,7.559999942779541,0.13986782729625702,2585.711669921875,0.0,880.9564819335938,0.0,-1,16
test-013.jpg,6,3.7799999713897705,0.1628730297088623,2585.711669921875,0.0,880.9564819335938,0.0,-1,16
test-013.jpg,7,7.559999942779541,0.15720601379871368,2799.188232421875,3764.812744140625,832.702880859375,0.0024600555718073424,4,16
test-013.jpg,8,3.7799999713897705,0.1461077630519867,2388.363525390625,0.0,830.648193359375,0.0,-1,16
test-013.jpg,9,3.7799999713897705,0.162231907248497,2675.324462890625,1715.5595703125,828.5836181640625,0.004855152513378027,8,16
test-013.jpg,10,3.7799999713897705,0.14264389872550964,2410.697265625,1956.5458984375,819.02001953125,0.005003715546620315,9,16
test-013.jpg,11,3.7799999713897705,0.15058201551437378,2472.802978515625,2594.280517578125,817.7172241210938,0.004036555120464975,4,16
test-013.jpg,12,3.7799999713897705,0.14258132874965668,2481.230712890625,2689.787353515625,817.0846557617188,0.0038799648905628297,4,16
test-013.jpg,13,3.7799999713897705,0.14038102328777313,2484.903076171875,717.3908081054688,806.830322265625,0.0,-1,16
test-013.jpg,14,3.7799999713897705,0.19173438847064972,2419.71142578125,0.0,806.225341796875,0.0,-1,16
test-013.jpg,15,3.7799999713897705,0.19891655445098877,2510.0126953125,1980.3253173828125,805.8215942382812,0.004747859362328014,9,16
test-013.jpg,16,3.7799999713897705,0.165314719080925,2437.66259765625,0.0,805.7648315429688,0.0,-1,16
test-013.jpg,17,3.7799999713897705,0.19347639381885529,2521.342529296875,37.237464904785156,801.4674072265625,0.0,-1,16
test-013.jpg,18,7.559999942779541,0.15839500725269318,2853.57958984375,1898.72998046875,799.7874145507812,0.004360610434894301,9,16
test-013.jpg,19,11.34000015258789,0.1390657275915146,2847.715087890625,1906.514892578125,797.9070434570312,0.004357525797940928,9,16
test-013.jpg,20,3.7799999713897705,0.20079351961612701,2443.947998046875,2637.01025390625,793.51904296875,0.004018178902654448,4,16
test-013.jpg,21,3.7799999713897705,0.17546163499355316,2597.620361328125,0.0,793.423583984375,0.0,-1,16
test-013.jpg,22,11.34000015258789,0.15314482152462006,2852.8466796875,1899.9495849609375,788.6048583984375,0.00436472012259173,9,16
test-013.jpg,23,11.34000015258789,0.15798045694828033,2856.76953125,1903.4991455078125,785.4292602539062,0.004350585185146296,9,16
test-013.jpg,24,7.559999942779541,0.2682774066925049,2840.626708984375,1907.59326171875,767.7819213867188,0.004360443395873362,9,16
test-013.jpg,25,3.7799999713897705,0.22816607356071472,2571.36328125,2762.069091796875,745.2841186523438,0.003645898252990149,4,16
test-013.jpg,26,3.7799999713897705,0.16645950078964233,2579.36865234375,2798.298095703125,736.2557983398438,0.0035874272256179425,4,16
test-013.jpg,27,3.7799999713897705,0.14585670828819275,2578.3359375,2907.08154296875,723.5189819335938,0.0034545381155514396,4,16
test-013.jpg,28,3.7799999713897705,0.18564310669898987,2403.137451171875,1736.007568359375,667.1979370117188,0.00534231992980932,8,16
test-013.jpg,29,3.7799999713897705,0.16252699494361877,2415.526123046875,1757.222900390625,664.3928833007812,0.0052506339453494534,8,16
test-013.jpg,30,7.559999942779541,0.16754797101020813,2432.800537109375,3199.395263671875,656.20849609375,0.0033321747735390343,4,16
test-013.jpg,31,11.34000015258789,0.15836691856384277,2393.0654296875,2969.847412109375,654.2227783203125,0.0036553172330566056,4,16
test-013.jpg,32,11.34000015258789,0.17359738051891327,2386.627197265625,2993.412353515625,644.2133178710938,0.003636388342154216,4,16
test-013.jpg,33,11.34000015258789,2.309368848800659,2390.0556640625,3023.615478515625,643.2491455078125,0.00359741451913465,4,16
test-013.jpg,34,11.34000015258789,0.2363945096731186,2330.91015625,3230.9384765625,630.0377197265625,0.0034500335664937915,4,16
test-013.jpg,35,11.34000015258789,0.35937151312828064,2332.103271484375,3244.68115234375,629.3543701171875,0.0034337840549161194,4,16
test-013.jpg,36,11.34000015258789,0.19895309209823608,2072.65576171875,1682.6995849609375,627.1502685546875,0.00641549624728661,8,16
test-013.jpg,37,3.7799999713897705,0.13931335508823395,2038.2952880859375,1667.677734375,603.91796875,0.00655832913914027,8,16
test-013.jpg,38,3.7799999713897705,1.6476186513900757,2098.638671875,1697.3043212890625,592.4091796875,0.006263792399157132,8,16
test-013.jpg,39,3.7799999713897705,0.22233043611049652,1942.7215576171875,1661.8399658203125,590.312744140625,0.006906121320703683,8,16
test-013.jpg,40,11.34000015258789,0.16201812028884888,2152.406005859375,929.6854858398438,576.9767456054688,0.0,-1,16
test-013.jpg,41,7.559999942779541,0.14375004172325134,2129.83837890625,2388.829345703125,574.0842895507812,0.005099955705610452,4,16
test-013.jpg,42,3.7799999713897705,0.6494656205177307,2128.55810546875,2417.46826171875,572.682373046875,0.0050346591288609735,4,16
test-013.jpg,43,11.34000015258789,1.1536444425582886,2127.5087890625,2415.76220703125,572.3785400390625,0.005059769156676701,4,16
test-013.jpg,44,7.559999942779541,0.17731930315494537,2119.08740234375,2445.190185546875,571.2940673828125,0.005007833416067227,4,16
test-013.jpg,45,11.34000015258789,0.2552018165588379,2105.19287109375,1521.5037841796875,567.0826416015625,0.0069852775523905255,8,16
test-013.jpg,46,11.34000015258789,0.36724719405174255,2087.9814453125,1664.0621337890625,565.8032836914062,0.0064401327005382215,8,16
test-013.jpg,47,11.34000015258789,0.1416568011045456,1878.17822265625,2179.089111328125,557.5446166992188,0.006355859713457871,4,16
test-013.jpg,48,3.7799999713897705,0.1584509164094925,1883.7091064453125,1653.931396484375,556.9630126953125,0.007156697493068527,8,16
test-013.jpg,49,11.34000015258789,0.2482815831899643,1856.5601806640625,2053.5224609375,553.8018798828125,0.006218949213322801,9,16
test-013.jpg,50,7.559999942779541,0.14765986800193787,2050.889404296875,2680.146728515625,550.7511596679688,0.004721225201058556,4,16
test-014.jpg,1,3.7799999713897705,0.20742328464984894,2343.40185546875,3497.068359375,823.3552856445312,0.0022367995079816913,0,16
test-014.jpg,2,3.7799999713897705,0.197401762008667,2472.02197265625,3320.31591796875,804.0205078125,0.002233108217756177,0,16
test-014.jpg,3,11.34000015258789,0.2668040692806244,2705.944091796875,2609.529296875,726.3753051757812,0.002602785348389411,0,16
test-014.jpg,4,11.34000015258789,0.34536421298980713,2539.66259765625,1252.1961669921875,684.46533203125,0.0,-1,16
test-014.jpg,5,11.34000015258789,0.20783297717571259,2451.86279296875,434.50396728515625,658.1183471679688,0.0,-1,16
test-014.jpg,6,11.34000015258789,0.1908814013004303,1956.3677978515625,1731.128662109375,571.903564453125,0.005435554066778118,0,16
test-014.jpg,7,3.7799999713897705,2.0825743675231934,2011.5877685546875,2327.99609375,559.865478515625,0.0039186402630034065,0,16
test-014.jpg,8,7.559999942779541,0.49119096994400024,2011.6085205078125,2326.912109375,559.6804809570312,0.003925134683814707,0,16
test-014.jpg,9,3.7799999713897705,2.1889419555664062,1970.773681640625,1925.572021484375,558.901611328125,0.004837069569525565,0,16
test-014.jpg,10,11.34000015258789,2.2255961894989014,1982.84765625,1663.343994140625,549.090576171875,0.004126752400114268,0,16
test-014.jpg,11,3.7799999713897705,0.24756993353366852,1779.2611083984375,1576.339111328125,531.0972900390625,0.0017191598787416004,0,16
test-014.jpg,12,11.34000015258789,3.595346212387085,1866.63134765625,2126.340087890625,530.1879272460938,0.004646663219029461,0,16
test-014.jpg,13,7.559999942779541,0.33068037033081055,1890.8223876953125,1596.004150390625,523.653564453125,0.002254352410516498,0,16
test-014.jpg,14,11.34000015258789,0.23474359512329102,1714.630859375,1572.4256591796875,520.51904296875,0.0016504342021628313,0,16
test-014.jpg,15,0.0,0.7990947365760803,1816.34228515625,2447.552978515625,520.1345825195312,0.004117779714156291,0,16
test-014.jpg,16,7.559999942779541,0.40604323148727417,1817.281982421875,2449.164306640625,519.965576171875,0.00412946047313723,0,16
test-014.jpg,17,11.34000015258789,0.24623483419418335,1703.31982421875,1507.8411865234375,519.4725952148438,0.0,-1,16
test-014.jpg,18,11.34000015258789,0.2781582772731781,1879.7493896484375,2262.93505859375,509.9109802246094,0.004328728467402854,0,16
test-014.jpg,19,11.34000015258789,2.119882583618164,1882.76025390625,2278.904541015625,508.1594543457031,0.004294946990202919,0,16
test-014.jpg,20,11.34000015258789,0.5025967955589294,1886.5040283203125,2990.162841796875,505.318115234375,0.00326429943660499,0,16
test-014.jpg,21,7.559999942779541,0.37255629897117615,1719.5968017578125,1605.541015625,498.2269287109375,0.002810828513584393,0,16
test-014.jpg,22,3.7799999713897705,2.693162441253662,1689.8760986328125,1992.3330078125,487.8353271484375,0.005454994242008019,0,16
test-014.jpg,23,11.34000015258789,0.22219513356685638,1792.0321044921875,2266.5048828125,487.499755859375,0.0045346959757025995,0,16
test-014.jpg,24,11.34000015258789,0.19923654198646545,1675.2652587890625,1932.5115966796875,484.34405517578125,0.005691673033034507,0,16
test-014.jpg,25,3.7799999713897705,2.80511212348938,1659.4869384765625,1881.420654296875,480.6934509277344,0.005883418068753424,0,16
test-014.jpg,26,11.34000015258789,3.0561327934265137,1657.79833984375,1882.086669921875,480.5944519042969,0.005915160122100017,0,16
test-014.jpg,27,11.34000015258789,0.19859138131141663,1522.67919921875,92.34149932861328,480.14935302734375,0.0,-1,16
test-014.jpg,28,11.34000015258789,0.2094833105802536,1745.3973388671875,2152.947998046875,472.5958251953125,0.00490226015702133,0,16
test-014.jpg,29,11.34000015258789,1.2664893865585327,1734.83984375,2137.593505859375,472.1518249511719,0.004970179900018887,0,16
test-014.jpg,30,11.34000015258789,1.011502742767334,1724.859375,2136.09423828125,470.33758544921875,0.005002042317139829,0,16
test-014.jpg,31,11.34000015258789,0.2553771734237671,1650.119140625,2459.515869140625,455.96173095703125,0.004540734713129677,0,16
test-014.jpg,32,11.34000015258789,2.7536964416503906,1558.741943359375,2261.4384765625,455.03277587890625,0.005235911851087646,0,16
test-014.jpg,33,11.34000015258789,0.21366621553897858,1686.1549072265625,2180.3251953125,453.1518249511719,0.005011936504643701,0,16
test-014.jpg,34,11.34000015258789,0.9421452283859253,1669.7796630859375,2183.05419921875,450.67877197265625,0.005056783563105392,0,16
test-014.jpg,35,7.559999942779541,0.20773418247699738,1594.9349365234375,2227.92822265625,449.0826110839844,0.005175006168254781,0,16
test-014.jpg,36,3.7799999713897705,0.18873901665210724,1632.68701171875,2097.19384765625,439.90447998046875,0.005357415236644696,0,16
test-014.jpg,37,7.559999942779541,0.20274583995342255,1630.3670654296875,2189.484130859375,439.0264892578125,0.005150894033433853,0,16
test-014.jpg,38,11.34000015258789,0.8181147575378418,1588.718505859375,2215.990966796875,437.03741455078125,0.005237301196789369,0,16
test-014.jpg,39,11.34000015258789,0.9849035143852234,1607.1595458984375,2191.47412109375,433.1788635253906,0.005235114561696714,0,16
test-014.jpg,40,11.34000015258789,0.3798668682575226,1607.038330078125,2100.748291015625,430.63458251953125,0.005460153077910978,0,16
test-014.jpg,41,11.34000015258789,0.4072425961494446,1607.774169921875,2135.93408203125,430.4268798828125,0.0053677841168452405,0,16
test-014.jpg,42,11.34000015258789,0.45054104924201965,1567.8885498046875,2220.898681640625,427.5715026855469,0.00529477834632691,0,16
test-014.jpg,43,7.559999942779541,0.20368103682994843,1579.467041015625,2139.494140625,426.28948974609375,0.005441949108233276,0,16
test-014.jpg,44,11.34000015258789,3.2911415100097656,1443.4384765625,2535.154296875,425.6971435546875,0.0044728484604490025,2,16
test-014.jpg,45,11.34000015258789,1.3306427001953125,1540.60693359375,1953.5074462890625,422.6185302734375,0.006129833010563028,0,16
test-014.jpg,46,7.559999942779541,0.41250547766685486,1540.508544921875,1950.554443359375,422.10198974609375,0.006121492056283077,0,16
test-014.jpg,47,3.7799999713897705,0.21975521743297577,1455.8846435546875,2025.6619873046875,421.6358337402344,0.0032627829763049758,7,16
test-014.jpg,48,11.34000015258789,0.9075490832328796,1551.4398193359375,1786.1527099609375,419.367431640625,0.006655862711577086,0,16
test-014.jpg,49,11.34000015258789,0.2297685742378235,1551.5423583984375,1799.5760498046875,418.40594482421875,0.006603262392192128,0,16
test-014.jpg,50,3.7799999713897705,3.423860788345337,1384.1756591796875,2024.1409912109375,408.9975280761719,0.0011427391480731508,2,16
test-015.jpg,1,11.34000015258789,0.5009680986404419,2365.263427734375,0.0,805.4415893554688,0.0,-1,67
test-015.jpg,2,0.0,0.6141080260276794,2881.367431640625,292.57843017578125,801.0949096679688,0.0,-1,67
test-015.jpg,3,11.34000015258789,2.071596145629883,2826.589111328125,0.0,800.508056640625,0.0,-1,67
test-015.jpg,4,3.7799999713897705,1.637302041053772,2826.589111328125,0.0,800.508056640625,0.0,-1,67
test-015.jpg,5,0.0,0.5927048921585083,2826.589111328125,0.0,800.508056640625,0.0,-1,67
test-015.jpg,6,11.34000015258789,0.5084145665168762,2880.700439453125,282.1660461425781,800.102783203125,0.0,-1,67
test-015.jpg,7,11.34000015258789,0.5317027568817139,2766.551025390625,0.0,780.707275390625,0.0,-1,67
test-015.jpg,8,11.34000015258789,1.004636526107788,2240.92041015625,0.0,770.8211059570312,0.0,-1,67
test-015.jpg,9,11.34000015258789,0.4931033253669739,2103.242431640625,0.0,768.8360595703125,0.0,-1,67
test-015.jpg,10,11.34000015258789,2.2283902168273926,2326.1171875,887.328857421875,624.3219604492188,0.0,-1,67
test-015.jpg,11,7.559999942779541,0.4903612732887268,2177.734375,2771.846923828125,604.894775390625,0.001389399851100112,65,67
test-015.jpg,12,11.34000015258789,3.833094358444214,2177.3154296875,2773.130126953125,604.72021484375,0.0014183955811011663,65,67
test-015.jpg,13,11.34000015258789,3.830557107925415,2145.12548828125,3160.084716796875,595.0388793945312,0.0016294544733499222,65,67
test-015.jpg,14,11.34000015258789,3.5430338382720947,2048.8310546875,3365.49169921875,562.6021118164062,0.0016020577507085496,65,67
test-015.jpg,15,11.34000015258789,3.6555707454681396,2032.5374755859375,2006.073486328125,558.1234130859375,0.0018466714041678667,41,67
test-015.jpg,16,3.7799999713897705,1.8626081943511963,1994.4481201171875,1691.639404296875,548.4969482421875,0.0022219019492806867,41,67
test-015.jpg,17,11.34000015258789,3.262932777404785,1967.6048583984375,2164.265380859375,546.0828247070312,0.001767950825408099,41,67
test-015.jpg,18,11.34000015258789,2.8385965824127197,1944.175537109375,2804.25341796875,534.0825805664062,0.002026714767262824,65,67
test-015.jpg,19,7.559999942779541,0.48683062195777893,1944.00830078125,2804.358154296875,533.74755859375,0.002021161282174291,65,67
test-015.jpg,20,0.0,0.949982762336731,1898.617431640625,3469.125244140625,529.5469360351562,0.001768939020382759,61,67
test-015.jpg,21,0.0,1.1250768899917603,1898.4876708984375,1530.187255859375,521.1756591796875,0.0023645273810550494,25,67
test-015.jpg,22,11.34000015258789,0.5036942958831787,1862.886962890625,2255.896240234375,517.8342895507812,0.0017897658647635394,41,67
test-015.jpg,23,11.34000015258789,1.6084431409835815,1849.751953125,2251.69482421875,512.6317749023438,0.0018068041001213736,41,67
test-015.jpg,24,11.34000015258789,3.3358254432678223,1883.4737548828125,1876.8594970703125,510.12396240234375,0.002130870392515096,41,67
test-015.jpg,25,11.34000015258789,4.072184085845947,1836.89013671875,3053.57177734375,506.108154296875,0.0019712541074275664,65,67
test-015.jpg,26,3.7799999713897705,2.3266818523406982,1847.0369873046875,2254.824951171875,505.95025634765625,0.0018001253119921024,41,67
test-015.jpg,27,11.34000015258789,2.2931673526763916,1828.6275634765625,2520.423828125,503.6973571777344,0.0017781254602133195,52,67
test-015.jpg,28,11.34000015258789,1.3109933137893677,1868.4346923828125,3196.0830078125,503.3030700683594,0.0018496562984356888,65,67
test-015.jpg,29,11.34000015258789,1.8708738088607788,1870.1163330078125,3213.903564453125,503.06671142578125,0.001838052301675079,65,67
test-015.jpg,30,11.34000015258789,2.7054409980773926,1789.3709716796875,1615.919677734375,480.9560241699219,0.0023930176792670162,25,67
test-015.jpg,31,3.7799999713897705,2.4582443237304688,1726.438232421875,1493.6478271484375,476.2259826660156,0.002672054363932866,25,67
test-015.jpg,32,11.34000015258789,3.210010528564453,1704.0870361328125,1275.373046875,473.7127685546875,0.0022893494259865915,30,67
test-015.jpg,33,11.34000015258789,3.2125940322875977,1706.3514404296875,2726.015625,471.97528076171875,0.0017630939568137433,52,67
test-015.jpg,34,11.34000015258789,2.2995357513427734,1689.9293212890625,1979.6827392578125,471.9560546875,0.0020679592575912815,25,67
test-015.jpg,35,11.34000015258789,1.4424957036972046,1686.4566650390625,3292.595703125,471.2130432128906,0.001990544068795577,65,67
test-015.jpg,36,7.559999942779541,0.5701634883880615,1690.7744140625,2507.012939453125,462.3663024902344,0.0019287106592393026,52,67
test-015.jpg,37,7.559999942779541,0.5167450904846191,1632.823486328125,3253.605712890625,449.4271240234375,0.002075607524978115,65,67
test-015.jpg,38,11.34000015258789,3.182896375656128,1620.2177734375,2904.607421875,442.9691162109375,0.002350880892602858,65,67
test-015.jpg,39,11.34000015258789,1.514742374420166,1628.232421875,3248.1953125,440.9896240234375,0.0020904715832549695,65,67
test-015.jpg,40,11.34000015258789,2.621598958969116,1591.382080078125,1839.1751708984375,439.7858581542969,0.0023654023305776733,25,67
test-015.jpg,41,11.34000015258789,1.7578166723251343,1635.25732421875,769.972412109375,439.637939453125,0.0,-1,67
test-015.jpg,42,11.34000015258789,3.019498109817505,1588.8648681640625,1189.2996826171875,435.39935302734375,0.0021467648326478654,30,67
test-015.jpg,43,3.7799999713897705,0.513449490070343,1570.4071044921875,2379.501953125,430.845703125,0.002183264416558394,52,67
test-015.jpg,44,3.7799999713897705,3.1242921352386475,1563.05322265625,2378.43310546875,429.5416564941406,0.002196959318091474,52,67
test-015.jpg,45,11.34000015258789,2.705442428588867,1534.3812255859375,1567.9300537109375,425.0392761230469,0.0028793134628856687,25,67
test-015.jpg,46,0.0,0.686880886554718,1513.7117919921875,2641.657958984375,421.55255126953125,0.00203543611822427,52,67
test-015.jpg,47,3.7799999713897705,3.618100881576538,1514.48193359375,2641.978759765625,421.3721923828125,0.002041509326985275,52,67
test-015.jpg,48,11.34000015258789,2.9155173301696777,1515.949462890625,2190.901611328125,418.7991943359375,0.002085013774895793,25,67
test-015.jpg,49,11.34000015258789,2.81276273727417,1513.1314697265625,1386.579833984375,414.5934143066406,0.002758068179909637,12,67
test-015.jpg,50,7.559999942779541,0.49499809741973877,1434.9136962890625,1704.9586181640625,404.6331481933594,0.0028213562961521867,25,67
test-016.jpg,1,15.359999656677246,0.9311001300811768,4038.68408203125,0.0,805.9436645507812,0.0,-1,91
test-016.jpg,2,15.359999656677246,0.8838093280792236,3824.553466796875,1237.9591064453125,760.34375,0.015062838839949489,58,91
test-016.jpg,3,5.119999885559082,1.2779265642166138,3702.18603515625,1558.28369140625,746.6497802734375,0.01233072370614089,58,91
test-016.jpg,4,15.359999656677246,2.893580913543701,3701.8984375,1557.803466796875,746.3988647460938,0.012382604557576383,58,91
test-016.jpg,5,5.119999885559082,1.2290663719177246,3146.12353515625,1605.803955078125,636.7349853515625,0.014083402079245319,58,91
test-016.jpg,6,0.0,0.7357270121574402,3130.927734375,1442.5712890625,632.3381958007812,0.015723427350913564,58,91
test-016.jpg,7,15.359999656677246,2.8490002155303955,3131.0322265625,1441.9161376953125,631.6287841796875,0.01583081144636016,58,91
test-016.jpg,8,15.359999656677246,0.8852226734161377,3117.024658203125,1451.15087890625,629.0474243164062,0.01577951283096389,58,91
test-016.jpg,9,15.359999656677246,2.9373619556427,3044.569091796875,2397.072509765625,620.3480224609375,0.009787191384318642,58,91
test-016.jpg,10,5.119999885559082,1.626861333847046,3044.488525390625,2395.627685546875,620.3062744140625,0.009755023897410089,58,91
test-016.jpg,11,15.359999656677246,3.1095447540283203,2993.986572265625,1498.893310546875,616.825927734375,0.01593129648664886,58,91
test-016.jpg,12,15.359999656677246,0.7388012409210205,3040.351318359375,649.6262817382812,613.3321533203125,0.035013163786405954,58,91
test-016.jpg,13,10.239999771118164,1.511541724205017,3038.82275390625,1741.106689453125,604.7156372070312,0.013472505278116387,58,91
test-016.jpg,14,15.359999656677246,3.312340021133423,2839.42333984375,1160.2861328125,586.7449340820312,0.02172391226710763,58,91
test-016.jpg,15,15.359999656677246,2.70678448677063,2759.41748046875,1432.1295166015625,569.4981079101562,0.018095979939668373,58,91
test-016.jpg,16,15.359999656677246,1.553903341293335,2863.73681640625,1722.03515625,569.32763671875,0.01448400306153389,58,91
test-016.jpg,17,15.359999656677246,0.827790379524231,2834.306884765625,2911.472412109375,558.8612060546875,0.008650872655349398,58,91
test-016.jpg,18,0.0,2.8371541500091553,2659.537841796875,1975.7835693359375,555.7167358398438,0.013527406187831931,58,91
test-016.jpg,19,10.239999771118164,1.0706415176391602,2642.852783203125,2111.90966796875,547.5178833007812,0.012773028880084514,58,91
test-016.jpg,20,0.0,1.192704677581787,2604.146240234375,1739.0244140625,546.0343627929688,0.015684219390313704,58,91
test-016.jpg,21,5.119999885559082,1.2700910568237305,2582.662353515625,895.3192138671875,543.9890747070312,0.030801282739206938,58,91
test-016.jpg,22,0.0,1.070926547050476,2645.409912109375,1584.0936279296875,543.6030883789062,0.016949460360183598,58,91
test-016.jpg,23,15.359999656677246,1.2680697441101074,2523.3779296875,2414.802001953125,528.6598510742188,0.011726055598255816,58,91
test-016.jpg,24,0.0,2.7061188220977783,2524.2548828125,2414.48828125,528.4840698242188,0.01165909151538661,58,91
test-016.jpg,25,0.0,1.0714856386184692,2503.918701171875,2058.55908203125,515.0585327148438,0.013777757782870992,58,91
test-016.jpg,26,15.359999656677246,3.0057532787323,2481.690673828125,1646.4307861328125,507.3457946777344,0.017511961458797305,58,91
test-016.jpg,27,0.0,1.003345012664795,2428.740234375,1300.38720703125,502.94964599609375,0.022491450214696458,58,91
test-016.jpg,28,15.359999656677246,1.4842619895935059,2396.298828125,1301.790283203125,501.4902038574219,0.022926733556199133,58,91
test-016.jpg,29,0.0,0.8497060537338257,2371.15380859375,1303.259521484375,498.0772399902344,0.022984158524350498,58,91
test-016.jpg,30,15.359999656677246,3.211355447769165,2416.5703125,1869.51953125,495.46710205078125,0.015838805893123226,58,91
test-016.jpg,31,15.359999656677246,1.9198319911956787,2373.156005859375,1960.9285888671875,491.6399230957031,0.015367152105005813,58,91
test-016.jpg,32,5.119999885559082,1.4818590879440308,2373.105712890625,1036.6597900390625,489.78704833984375,0.02895622299793488,58,91
test-016.jpg,33,5.119999885559082,1.1964346170425415,2339.2373046875,1767.3070068359375,489.105224609375,0.01721850441484801,58,91
test-016.jpg,34,15.359999656677246,2.976489305496216,2356.350830078125,1985.3505859375,488.47918701171875,0.015295041800177314,58,91
test-016.jpg,35,5.119999885559082,0.8256247043609619,2275.34375,1656.913330078125,485.2898864746094,0.018879217908234935,58,91
test-016.jpg,36,5.119999885559082,2.632490873336792,2297.663330078125,760.7239379882812,484.8084411621094,0.04084104494925561,58,91
test-016.jpg,37,15.359999656677246,1.166535496711731,2301.438720703125,1311.3634033203125,479.9837951660156,0.023697812388117245,58,91
test-016.jpg,38,15.359999656677246,3.512948751449585,2271.24267578125,2226.63525390625,477.9914245605469,0.01415324842858812,58,91
test-016.jpg,39,0.0,0.7423984408378601,2313.293212890625,481.6754150390625,476.12200927734375,0.021698866090018504,58,91
test-016.jpg,40,15.359999656677246,1.8124504089355469,2313.076171875,481.27313232421875,476.10089111328125,0.02181136188199795,58,91
test-016.jpg,41,15.359999656677246,1.7825512886047363,2185.288330078125,1006.016845703125,449.589111328125,0.0325728347999946,58,91
test-016.jpg,42,5.119999885559082,3.3021249771118164,2140.046142578125,892.3544921875,445.1448059082031,0.037396055620919334,58,91
test-016.jpg,43,15.359999656677246,1.9518823623657227,2132.73681640625,642.6817016601562,443.7356262207031,0.04923917297086344,58,91
test-016.jpg,44,15.359999656677246,2.2059438228607178,2087.905517578125,1158.397705078125,436.98724365234375,0.02962115898964465,58,91
test-016.jpg,45,15.359999656677246,0.9849684834480286,2181.3154296875,2826.133544921875,432.2508850097656,0.011599658050732908,58,91
test-016.jpg,46,5.119999885559082,1.5570809841156006,2068.700927734375,1584.2000732421875,429.4375,0.021733593034561433,58,91
test-016.jpg,47,15.359999656677246,1.427714467048645,2023.7635498046875,1364.2681884765625,423.03857421875,0.02593223757864714,58,91
test-016.jpg,48,5.119999885559082,0.8591511845588684,1921.145263671875,2018.4298095703125,417.256591796875,0.018361409249801102,58,91
test-016.jpg,49,15.359999656677246,2.7427000999450684,1915.6820068359375,1019.72412109375,406.185302734375,0.036727873014594334,58,91
test-016.jpg,50,5.119999885559082,1.1710366010665894,1890.7371826171875,2494.1962890625,405.5380859375,0.015099264411684207,58,91
test-017.jpg,1,13.005000114440918,0.18525975942611694,2305.92578125,0.0,1036.09765625,0.0,-1,16
test-017.jpg,2,8.670000076293945,0.18471643328666687,2305.92578125,0.0,1036.09765625,0.0,-1,16
test-017.jpg,3,4.335000038146973,0.18518368899822235,2305.92578125,0.0,1036.09765625,0.0,-1,16
test-017.jpg,4,0.0,0.18489842116832733,2305.92578125,0.0,1036.09765625,0.0,-1,16
test-017.jpg,5,13.005000114440918,0.1659250557422638,2312.22265625,3081.075927734375,1034.6025390625,0.0037548265810109552,10,16
test-017.jpg,6,8.670000076293945,0.16094553470611572,2923.211669921875,3914.917724609375,888.0767822265625,0.0023311699057749955,10,16
test-017.jpg,7,4.335000038146973,0.16699311137199402,3166.949951171875,418.4829406738281,816.9253540039062,0.0,-1,16
test-017.jpg,8,13.005000114440918,0.2541907727718353,2717.97900390625,3682.6357421875,815.7533569335938,0.0026702818258474157,10,16
test-017.jpg,9,4.335000038146973,0.16785946488380432,3112.963134765625,1546.2039794921875,807.8857421875,0.0,-1,16
test-017.jpg,10,4.335000038146973,0.1893540620803833,3233.17626953125,1209.02685546875,804.4608764648438,0.0,-1,16
test-017.jpg,11,4.335000038146973,0.16325412690639496,3199.861083984375,1063.5653076171875,804.0156860351562,0.0,-1,16
test-017.jpg,12,13.005000114440918,0.16848348081111908,3003.086669921875,3032.3466796875,801.2337036132812,0.0029336696679026835,10,16
test-017.jpg,13,13.005000114440918,0.16574081778526306,2880.04296875,2756.187255859375,771.1536254882812,0.003054817254406291,4,16
test-017.jpg,14,13.005000114440918,0.16137942671775818,2689.753173828125,3158.49658203125,765.356689453125,0.0031461776798424965,10,16
test-017.jpg,15,13.005000114440918,0.17506366968154907,2809.91015625,2203.488037109375,751.3817749023438,0.0,-1,16
test-017.jpg,16,13.005000114440918,0.3551506996154785,3175.0546875,163.33811950683594,746.6292724609375,0.0,-1,16
test-017.jpg,17,13.005000114440918,0.17275027930736542,2603.111328125,3088.966552734375,743.9077758789062,0.0033246235090223586,10,16
test-017.jpg,18,13.005000114440918,0.17017894983291626,3085.4013671875,385.1794128417969,734.5206909179688,0.0,-1,16
test-017.jpg,19,13.005000114440918,0.16957353055477142,2979.895751953125,2505.0263671875,728.8189086914062,0.0029272153084234235,2,16
test-017.jpg,20,13.005000114440918,0.22270992398262024,2763.11376953125,4128.86083984375,727.6644897460938,0.002342568459345987,10,16
test-017.jpg,21,13.005000114440918,0.32856279611587524,2748.12109375,3037.00537109375,724.9037475585938,0.003202393119971058,10,16
test-017.jpg,22,13.005000114440918,0.1980924904346466,2640.20849609375,1907.3231201171875,721.2820434570312,0.0,-1,16
test-017.jpg,23,13.005000114440918,0.20233602821826935,2996.8642578125,2168.13623046875,715.723388671875,0.0,-1,16
test-017.jpg,24,13.005000114440918,0.29381734132766724,2761.0263671875,2967.084228515625,713.9054565429688,0.0032624360676349142,10,16
test-017.jpg,25,13.005000114440918,0.2109091430902481,2653.826416015625,1953.154541015625,705.4935913085938,0.0,-1,16
test-017.jpg,26,13.005000114440918,0.16719107329845428,2934.431884765625,1104.7655029296875,704.5648803710938,0.0,-1,16
test-017.jpg,27,13.005000114440918,0.1609049141407013,2844.411865234375,1796.2091064453125,703.8668823242188,0.0,-1,16
test-017.jpg,28,13.005000114440918,0.4546675384044647,2786.175537109375,3133.79052734375,698.5703125,0.003061014981366662,10,16
test-017.jpg,29,13.005000114440918,0.2899019718170166,2700.618408203125,2032.204345703125,679.9849853515625,0.0,-1,16
test-017.jpg,30,13.005000114440918,0.17100268602371216,2752.781982421875,2523.39013671875,679.11767578125,0.003146798555591748,2,16
test-017.jpg,31,13.005000114440918,0.27376788854599,2464.4912109375,2533.65380859375,674.9883422851562,0.0035027514765011026,2,16
test-017.jpg,32,13.005000114440918,0.26842665672302246,2715.99658203125,2536.9755859375,674.8758544921875,0.003172664114887881,2,16
test-017.jpg,33,13.005000114440918,0.31368011236190796,2834.67138671875,1051.264404296875,673.9324951171875,0.0,-1,16
test-017.jpg,34,13.005000114440918,0.18981465697288513,2753.718505859375,3573.245849609375,673.8656616210938,0.0027160984932688335,10,16
test-017.jpg,35,0.0,0.1743721216917038,2037.6060791015625,4036.623291015625,662.6310424804688,0.0032339201558679994,10,16
test-017.jpg,36,13.005000114440918,0.2916763722896576,2520.94970703125,2674.402099609375,645.4707641601562,0.0035991834970858995,4,16
test-017.jpg,37,13.005000114440918,0.23970365524291992,2681.83056640625,2513.699951171875,642.771240234375,0.0032429997408134205,2,16
test-017.jpg,38,13.005000114440918,0.2827366590499878,2678.28125,2057.16162109375,642.604736328125,0.0,-1,16
test-017.jpg,39,0.0,0.18021191656589508,2250.77880859375,3697.80517578125,639.679931640625,0.003195900899088208,10,16
test-017.jpg,40,13.005000114440918,0.2718626856803894,2524.751953125,3025.23193359375,628.95751953125,0.003500688365554008,10,16
test-017.jpg,41,0.0,0.18010850250720978,2263.951904296875,3722.49365234375,628.9239501953125,0.0031562313755259556,10,16
test-017.jpg,42,8.670000076293945,0.17859061062335968,2617.85400390625,3337.303955078125,628.299072265625,0.003054722420180862,10,16
test-017.jpg,43,0.0,0.20847488939762115,2605.990478515625,3334.212646484375,623.482177734375,0.003061329088820984,10,16
test-017.jpg,44,13.005000114440918,0.19846168160438538,2618.85498046875,851.1832885742188,620.5491943359375,0.0,-1,16
test-017.jpg,45,13.005000114440918,0.41465699672698975,2579.470458984375,2608.51416015625,620.0607299804688,0.0033496005846595472,4,16
test-017.jpg,46,13.005000114440918,0.3669685125350952,2570.8857421875,2212.46240234375,619.3629150390625,0.0,-1,16
test-017.jpg,47,13.005000114440918,0.16432571411132812,2548.96923828125,2203.788330078125,616.6372680664062,0.0,-1,16
test-017.jpg,48,13.005000114440918,0.473732590675354,2520.092529296875,2917.16162109375,612.4102172851562,0.0033009719056743573,4,16
test-017.jpg,49,0.0,0.1796715408563614,2218.558837890625,3137.3330078125,605.3328247070312,0.00382157409352229,10,16
test-017.jpg,50,13.005000114440918,0.24814599752426147,2517.243896484375,783.0205078125,601.314453125,0.0,-1,16
test-018.jpg,1,3.7799999713897705,0.17064647376537323,2574.1591796875,3447.8740234375,898.8731689453125,0.0048278558736849055,12,15
test-018.jpg,2,11.34000015258789,0.18718239665031433,2580.199462890625,231.34349060058594,803.5194091796875,0.0,-1,15
test-018.jpg,3,11.34000015258789,0.18556907773017883,2660.15966796875,263.1423645019531,799.7946166992188,0.0,-1,15
test-018.jpg,4,3.7799999713897705,0.3089669942855835,2764.4580078125,1004.5083618164062,799.640625,0.0,-1,15
test-018.jpg,5,3.7799999713897705,0.20651952922344208,2732.230712890625,1161.3887939453125,798.7076416015625,0.0,-1,15
test-018.jpg,6,11.34000015258789,0.18216127157211304,2726.9853515625,295.9637756347656,798.4993896484375,0.0,-1,15
test-018.jpg,7,11.34000015258789,0.2297922670841217,2699.227294921875,431.71588134765625,738.7700805664062,0.0,-1,15
test-018.jpg,8,7.559999942779541,0.20772160589694977,2608.43603515625,3151.58349609375,702.407958984375,0.005219892275101668,12,15
test-018.jpg,9,3.7799999713897705,0.1988271176815033,2389.000244140625,2531.916259765625,645.26220703125,0.0070849643098450064,12,15
test-018.jpg,10,11.34000015258789,0.9697849154472351,2376.973388671875,2409.17529296875,636.8589477539062,0.00751000798928974,12,15
test-018.jpg,11,3.7799999713897705,0.1784496307373047,2168.2998046875,2226.034423828125,633.3619384765625,0.006607222710686601,13,15
test-018.jpg,12,11.34000015258789,1.3494925498962402,2224.248779296875,2295.362060546875,624.5609741210938,0.006270732352524318,13,15
test-018.jpg,13,11.34000015258789,1.225439429283142,2266.720458984375,1363.5888671875,609.0223999023438,0.0,-1,15
test-018.jpg,14,11.34000015258789,0.3068085014820099,2176.891357421875,2296.77197265625,592.2404174804688,0.006401020523671367,13,15
test-018.jpg,15,3.7799999713897705,0.21137478947639465,1892.4410400390625,1485.2928466796875,588.4828491210938,0.0,-1,15
test-018.jpg,16,11.34000015258789,0.1624058336019516,2168.149658203125,533.8692626953125,583.0355834960938,0.0,-1,15
test-018.jpg,17,3.7799999713897705,0.1947106420993805,1877.193603515625,2343.83154296875,582.9302978515625,0.007545554912798935,12,15
test-018.jpg,18,11.34000015258789,0.47820863127708435,2149.3125,1683.9410400390625,580.6071166992188,0.005147258895419525,10,15
test-018.jpg,19,11.34000015258789,0.9391623139381409,2050.536865234375,2135.6259765625,573.16455078125,0.007312809278114197,13,15
test-018.jpg,20,3.7799999713897705,0.2198331356048584,1938.35791015625,1632.380126953125,568.08203125,0.003839757459442271,10,15
test-018.jpg,21,0.0,0.7261670231819153,1994.2215576171875,1706.398193359375,564.6119384765625,0.005446440030862222,10,15
test-018.jpg,22,3.7799999713897705,0.36818480491638184,2027.69775390625,2137.027099609375,564.0949096679688,0.0073612151287354285,13,15
test-018.jpg,23,11.34000015258789,0.366281121969223,2062.764404296875,1452.4129638671875,553.7116088867188,0.0,-1,15
test-018.jpg,24,3.7799999713897705,4.577659606933594,1914.341552734375,1998.115966796875,549.720458984375,0.008357799529947304,13,15
test-018.jpg,25,11.34000015258789,1.0086748600006104,1893.1651611328125,1520.5701904296875,528.3590698242188,3.2755416803204384e-08,0,15
test-018.jpg,26,3.7799999713897705,0.24404989182949066,1852.0489501953125,1529.96484375,503.473388671875,0.0,-1,15
test-018.jpg,27,7.559999942779541,0.19046516716480255,1833.0823974609375,2347.124755859375,500.0776672363281,0.00787984958193692,12,15
test-018.jpg,28,11.34000015258789,0.6127750277519226,1833.5006103515625,2347.46533203125,495.9664001464844,0.007909931365086423,12,15
test-018.jpg,29,11.34000015258789,0.38765227794647217,1823.4686279296875,2348.338623046875,493.6127624511719,0.007989349868359155,12,15
test-018.jpg,30,3.7799999713897705,0.18276329338550568,1690.401611328125,1895.9464111328125,492.8199462890625,0.009955789767981345,13,15
test-018.jpg,31,3.7799999713897705,0.3599683940410614,1607.7406005859375,1924.0347900390625,491.0413818359375,0.010316971062569649,13,15
test-018.jpg,32,11.34000015258789,0.24383309483528137,1802.2886962890625,1654.1185302734375,489.51531982421875,0.005248489480377977,10,15
test-018.jpg,33,11.34000015258789,1.979663372039795,1807.1231689453125,1744.5560302734375,489.4997863769531,0.006110537111683528,13,15
test-018.jpg,34,7.559999942779541,0.1810920238494873,1797.38916015625,1741.48974609375,489.0921325683594,0.006006093797965773,13,15
test-018.jpg,35,3.7799999713897705,4.503777980804443,1708.7857666015625,1936.876220703125,486.7779235839844,0.009661863144170647,13,15
test-018.jpg,36,3.7799999713897705,0.19784663617610931,1652.107421875,1651.506591796875,480.12774658203125,0.003892630287317286,10,15
test-018.jpg,37,3.7799999713897705,0.16460607945919037,1706.9031982421875,1657.0977783203125,477.7261962890625,0.00567519550750817,10,15
test-018.jpg,38,3.7799999713897705,0.17005860805511475,1619.5084228515625,1644.2545166015625,476.7312316894531,0.0025929428779047302,10,15
test-018.jpg,39,7.559999942779541,0.37154462933540344,1679.5767822265625,2607.654052734375,473.3775939941406,0.009814149341729689,12,15
test-018.jpg,40,3.7799999713897705,0.21398697793483734,1454.7686767578125,1731.9029541015625,469.6664123535156,0.006769289210758556,13,15
test-018.jpg,41,3.7799999713897705,0.16335026919841766,1560.7315673828125,1635.2955322265625,462.5528259277344,0.0018990103323175953,13,15
test-018.jpg,42,3.7799999713897705,0.19307196140289307,1542.7662353515625,2183.2060546875,457.7874450683594,0.009475159189883776,13,15
test-018.jpg,43,3.7799999713897705,0.23964786529541016,1469.36962890625,1504.4071044921875,450.939697265625,0.0,-1,15
test-018.jpg,44,3.7799999713897705,0.257438987493515,1395.326904296875,1490.4478759765625,449.5957336425781,0.0,-1,15
test-018.jpg,45,3.7799999713897705,4.330872058868408,1541.633056640625,1554.5185546875,448.59619140625,0.0,-1,15
test-018.jpg,46,7.559999942779541,0.16233474016189575,1535.5673828125,1757.9949951171875,446.58837890625,0.007771772986669216,13,15
test-018.jpg,47,11.34000015258789,1.210020661354065,1539.6474609375,1765.05615234375,445.0003967285156,0.008088397750342325,13,15
test-018.jpg,48,7.559999942779541,0.48943448066711426,1537.462158203125,1760.1854248046875,444.828369140625,0.007860991709838998,13,15
test-018.jpg,49,11.34000015258789,0.19165892899036407,1474.9447021484375,2609.4716796875,442.2035217285156,0.011203066158361117,12,15
test-018.jpg,50,3.7799999713897705,0.19468623399734497,1337.053955078125,1549.4293212890625,434.3072509765625,0.0,-1,15
test-019.jpg,1,17.34000015258789,0.1295934021472931,3076.436279296875,2306.26123046875,1035.76318359375,0.015955368716902146,0,6
test-019.jpg,2,17.34000015258789,0.1326667070388794,3077.0244140625,0.0,1035.663330078125,0.0,-1,6
test-019.jpg,3,11.5600004196167,0.13212625682353973,3077.0244140625,0.0,1035.663330078125,0.0,-1,6
test-019.jpg,4,5.78000020980835,0.13291968405246735,3077.0244140625,0.0,1035.663330078125,0.0,-1,6
test-019.jpg,5,0.0,0.13186755776405334,3077.0244140625,0.0,1035.663330078125,0.0,-1,6
test-019.jpg,6,11.5600004196167,0.12305363267660141,3916.380126953125,2925.799560546875,900.9616088867188,0.010326725870149761,3,6
test-019.jpg,7,5.78000020980835,0.13477253913879395,4139.28369140625,1592.5030517578125,847.0313110351562,0.015053189669051567,1,6
test-019.jpg,8,5.78000020980835,0.24582964181900024,3522.392822265625,0.0,834.375732421875,0.0,-1,6
test-019.jpg,9,5.78000020980835,0.14111913740634918,3618.186279296875,1595.2652587890625,830.9347534179688,0.017194886173479352,1,6
test-019.jpg,10,5.78000020980835,0.11980924010276794,4219.04052734375,1771.667724609375,827.6021728515625,0.013274530305380776,1,6
test-019.jpg,11,5.78000020980835,0.14617536962032318,4116.2783203125,0.0,820.5775756835938,0.0,-1,6
test-019.jpg,12,17.34000015258789,0.14763107895851135,4243.48388671875,2134.512451171875,819.1017456054688,0.012478751925808487,0,6
test-019.jpg,13,5.78000020980835,0.11882687360048294,3327.906982421875,0.0,818.1925659179688,0.0,-1,6
test-019.jpg,14,5.78000020980835,0.20455849170684814,3679.637939453125,1302.36328125,815.7137451171875,0.020711144450575963,1,6
test-019.jpg,15,5.78000020980835,0.15907013416290283,4222.18115234375,2001.16748046875,813.0383911132812,0.013341149384035045,0,6
test-019.jpg,16,11.5600004196167,0.1297532618045807,4156.33251953125,2572.084228515625,810.944580078125,0.010558934783696319,0,6
test-019.jpg,17,5.78000020980835,0.17538651823997498,3698.829345703125,0.0,809.988525390625,0.0,-1,6
test-019.jpg,18,17.34000015258789,0.13407890498638153,4075.44775390625,2604.932373046875,809.2513427734375,0.01064845037001381,0,6
test-019.jpg,19,5.78000020980835,0.14957605302333832,3797.100830078125,1374.4149169921875,805.2819213867188,0.019016441446933614,1,6
test-019.jpg,20,5.78000020980835,0.1449500173330307,4380.74853515625,2337.3369140625,805.2156372070312,0.0110081608328363,0,6
test-019.jpg,21,11.5600004196167,0.11890609562397003,4382.302734375,2405.328125,804.6554565429688,0.010707201613417204,0,6
test-019.jpg,22,17.34000015258789,0.150411456823349,4203.50634765625,2621.904296875,801.234375,0.010255944973182492,0,6
test-019.jpg,23,5.78000020980835,0.12157426029443741,4301.1640625,799.9093627929688,800.3589477539062,0.0,-1,6
test-019.jpg,24,0.0,0.11893294751644135,3258.405029296875,749.6590576171875,769.8389892578125,0.0,-1,6
test-019.jpg,25,5.78000020980835,0.13838982582092285,3468.474853515625,0.0,708.2564086914062,0.0,-1,6
test-019.jpg,26,17.34000015258789,0.2666163742542267,3922.7060546875,2220.730712890625,692.6492309570312,0.012980116251393241,0,6
test-019.jpg,27,17.34000015258789,0.24306930601596832,3926.5927734375,2224.1650390625,692.3687744140625,0.012947048840586024,0,6
test-019.jpg,28,5.78000020980835,0.1510063260793686,3461.447998046875,350.588134765625,679.0711669921875,0.0,-1,6
test-019.jpg,29,17.34000015258789,0.16891716420650482,3872.53125,867.718017578125,676.86474609375,0.0,-1,6
test-019.jpg,30,17.34000015258789,0.7524329423904419,3822.517822265625,1362.8548583984375,670.4613037109375,0.01911638013580593,1,6
test-019.jpg,31,17.34000015258789,0.27654221653938293,3829.2529296875,1372.4544677734375,669.9944458007812,0.01894248624726309,1,6
test-019.jpg,32,11.5600004196167,0.12594172358512878,3773.947998046875,2440.630859375,667.9395141601562,0.012258598386694713,0,6
test-019.jpg,33,17.34000015258789,0.523647665977478,3810.6181640625,1146.340576171875,666.6281127929688,0.014545145784546203,1,6
test-019.jpg,34,17.34000015258789,0.24037593603134155,3807.837158203125,1358.900146484375,666.4802856445312,0.019239044072817388,1,6
test-019.jpg,35,11.5600004196167,0.12847250699996948,3733.891357421875,2455.204833984375,664.94921875,0.01231697468558523,0,6
test-019.jpg,36,17.34000015258789,0.35771703720092773,3793.3779296875,1246.2984619140625,663.8404541015625,0.01996280769586916,1,6
test-019.jpg,37,11.5600004196167,0.17670390009880066,3805.8896484375,1461.445556640625,662.8587036132812,0.017870026417884755,1,6
test-019.jpg,38,17.34000015258789,0.12843962013721466,3804.05419921875,1433.6737060546875,662.460205078125,0.01825225140183356,1,6
test-019.jpg,39,0.0,0.12514770030975342,3728.354736328125,2258.398681640625,661.5694580078125,0.013368734943528944,0,6
test-019.jpg,40,17.34000015258789,0.40274059772491455,3791.3232421875,1495.6947021484375,661.4732055664062,0.017557570265719837,1,6
test-019.jpg,41,17.34000015258789,0.16263243556022644,3759.657470703125,1492.664794921875,657.5849609375,0.017739230833322295,1,6
test-019.jpg,42,17.34000015258789,0.15492331981658936,3754.899169921875,1395.018310546875,653.5459594726562,0.019005120584080538,1,6
test-019.jpg,43,0.0,0.13990755379199982,3447.74560546875,2644.37109375,647.2393798828125,0.012346658835416446,0,6
test-019.jpg,44,11.5600004196167,0.12503691017627716,3709.6630859375,1385.5616455078125,645.4332885742188,0.01933858567841078,1,6
test-019.jpg,45,17.34000015258789,0.20845621824264526,3639.309326171875,1083.172607421875,640.3123168945312,0.011212937781101091,1,6
test-019.jpg,46,17.34000015258789,0.17722152173519135,3624.46923828125,1080.3079833984375,637.4264526367188,0.011065423495504378,1,6
test-019.jpg,47,0.0,0.11797190457582474,3384.97314453125,3095.345458984375,619.6668090820312,0.011260098382672145,3,6
test-019.jpg,48,17.34000015258789,0.11642611771821976,3293.0224609375,2666.06591796875,609.865234375,0.012889330861629163,0,6
test-019.jpg,49,17.34000015258789,0.23969322443008423,3435.4501953125,1568.689453125,599.4138793945312,0.018481350750842323,1,6
test-019.jpg,50,11.5600004196167,0.3725545108318329,3132.485595703125,2198.529052734375,594.4920043945312,0.016407486689091904,0,6
test-020.jpg,1,11.699999809265137,0.14744748175144196,2071.679931640625,0.0,1036.830078125,0.0,-1,46
test-020.jpg,2,7.800000190734863,0.14864233136177063,2071.679931640625,0.0,1036.830078125,0.0,-1,46
test-020.jpg,3,3.9000000953674316,0.14769893884658813,2071.679931640625,0.0,1036.830078125,0.0,-1,46
test-020.jpg,4,0.0,0.1483677178621292,2071.679931640625,0.0,1036.830078125,0.0,-1,46
test-020.jpg,5,0.0,0.14086629450321198,2072.991943359375,2763.25244140625,1036.474609375,0.00622775362129448,37,46
test-020.jpg,6,7.800000190734863,0.15994346141815186,2619.55712890625,3540.60400390625,899.2926635742188,0.00416599074953521,39,46
test-020.jpg,7,11.699999809265137,0.18161197006702423,2458.51318359375,2656.477294921875,831.389404296875,0.005351338399082548,37,46
test-020.jpg,8,11.699999809265137,0.15069521963596344,2329.761962890625,2642.87060546875,779.7279663085938,0.005519109280616143,36,46
test-020.jpg,9,11.699999809265137,4.634931564331055,2739.868408203125,2275.97509765625,758.0975952148438,0.005411355936096443,1,46
test-020.jpg,10,3.9000000953674316,0.8615429997444153,2739.364501953125,2274.45654296875,758.0707397460938,0.005391570255194513,1,46
test-020.jpg,11,11.699999809265137,0.15585766732692719,2717.946533203125,2281.7578125,755.6973876953125,0.0054306550767334975,1,46
test-020.jpg,12,11.699999809265137,0.20882967114448547,2715.9287109375,2295.791748046875,748.98583984375,0.005401607872720487,1,46
test-020.jpg,13,3.9000000953674316,0.8575423955917358,2638.256103515625,1905.63037109375,731.2590942382812,0.006682543417684204,1,46
test-020.jpg,14,7.800000190734863,0.2802058160305023,2638.765380859375,1905.3203125,731.0348510742188,0.006690216941285757,1,46
test-020.jpg,15,11.699999809265137,0.1501578390598297,2086.451904296875,163.642333984375,693.1490478515625,0.0,-1,46
test-020.jpg,16,11.699999809265137,0.16633236408233643,2003.4964599609375,3324.66845703125,679.8472900390625,0.005817511572244807,39,46
test-020.jpg,17,11.699999809265137,0.1827840507030487,1968.459716796875,882.8267822265625,674.3961181640625,0.0,-1,46
test-020.jpg,18,11.699999809265137,0.17481285333633423,1906.623046875,190.08175659179688,671.8018798828125,0.0,-1,46
test-020.jpg,19,3.9000000953674316,0.7817142009735107,2392.980712890625,2775.029541015625,670.3626708984375,0.005382095289211326,37,46
test-020.jpg,20,11.699999809265137,0.17803741991519928,2001.3177490234375,1193.4041748046875,665.8998413085938,0.0,-1,46
test-020.jpg,21,3.9000000953674316,0.8426657915115356,2436.703369140625,1810.3427734375,663.9063720703125,0.0072457645325538465,12,46
test-020.jpg,22,11.699999809265137,0.15262553095817566,2241.73583984375,1391.121337890625,653.1555786132812,0.0,-1,46
test-020.jpg,23,11.699999809265137,4.637722969055176,2307.27978515625,1432.392333984375,651.6845703125,0.0,-1,46
test-020.jpg,24,11.699999809265137,4.823730945587158,2339.646240234375,2190.373046875,646.6973876953125,0.006590614355928602,1,46
test-020.jpg,25,3.9000000953674316,0.6749590039253235,2294.022705078125,2035.2818603515625,643.9865112304688,0.007196481142304434,1,46
test-020.jpg,26,11.699999809265137,0.14619986712932587,1724.1920166015625,3327.76513671875,641.3701171875,0.006759999817045779,39,46
test-020.jpg,27,3.9000000953674316,1.0204625129699707,2246.165771484375,2474.957763671875,636.6268920898438,0.006044824289151494,1,46
test-020.jpg,28,7.800000190734863,0.3197798430919647,2209.189208984375,2828.365234375,612.5419921875,0.005729863031954887,37,46
test-020.jpg,29,11.699999809265137,0.1463586539030075,2189.841796875,1580.332763671875,605.4503173828125,0.005574986888523891,17,46
test-020.jpg,30,7.800000190734863,0.5863580703735352,2209.090087890625,1586.1829833984375,600.6818237304688,0.0064105499272417744,17,46
test-020.jpg,31,11.699999809265137,4.6368255615234375,2107.0693359375,2669.012939453125,599.737060546875,0.006389565752906092,37,46
test-020.jpg,32,11.699999809265137,0.14539441466331482,1961.9527587890625,1398.2708740234375,573.9058837890625,0.0,-1,46
test-020.jpg,33,3.9000000953674316,0.5962868928909302,1999.8865966796875,1477.8570556640625,568.0899658203125,0.0,-1,46
test-020.jpg,34,11.699999809265137,0.14966607093811035,1568.286865234375,0.0,548.9336547851562,0.0,-1,46
test-020.jpg,35,3.9000000953674316,0.8153130412101746,1898.8804931640625,2783.6005859375,543.2091674804688,0.0067646139882873045,37,46
test-020.jpg,36,11.699999809265137,0.18826916813850403,1877.11572265625,2317.52978515625,542.5366821289062,0.007756999836829647,1,46
test-020.jpg,37,11.699999809265137,0.19935396313667297,1863.82568359375,2158.934326171875,539.01171875,0.00838667234243266,1,46
test-020.jpg,38,3.9000000953674316,1.1989408731460571,1887.1837158203125,2186.0830078125,539.0047607421875,0.008149206232581299,1,46
test-020.jpg,39,11.699999809265137,0.28427770733833313,1836.005615234375,2119.654541015625,538.9358520507812,0.008672714022880198,1,46
test-020.jpg,40,0.0,1.2340691089630127,1887.653076171875,2187.94970703125,538.8719482421875,0.008123533328744267,1,46
test-020.jpg,41,3.9000000953674316,1.0521469116210938,1959.5819091796875,2325.660400390625,534.1071166992188,0.007375839600189619,1,46
test-020.jpg,42,7.800000190734863,0.45962172746658325,1947.4739990234375,1861.10302734375,528.9627685546875,0.009291109217211017,1,46
test-020.jpg,43,3.9000000953674316,1.2700185775756836,1946.8759765625,1860.6650390625,528.9110107421875,0.009281546889519895,1,46
test-020.jpg,44,11.699999809265137,0.21859891712665558,1817.56298828125,2019.04736328125,524.4481201171875,0.009197613936248595,1,46
test-020.jpg,45,11.699999809265137,0.18349340558052063,1379.7874755859375,0.0,517.7108764648438,0.0,-1,46
test-020.jpg,46,11.699999809265137,0.16871635615825653,1413.36865234375,0.0,517.437744140625,0.0,-1,46
test-020.jpg,47,0.0,0.1491231918334961,1785.5855712890625,1483.24609375,511.1243896484375,0.0,-1,46
test-020.jpg,48,3.9000000953674316,1.365760326385498,1819.490234375,2047.2890625,508.9371337890625,0.009027183498657386,1,46
test-020.jpg,49,11.699999809265137,0.14943355321884155,1207.5947265625,0.0,507.912841796875,0.0,-1,46
test-020.jpg,50,0.0,0.18478675186634064,1857.3126220703125,2715.432373046875,503.9629821777344,0.007073478093844454,37,46
test-021.jpg,1,13.005000114440918,0.18741650879383087,2309.160888671875,0.0,1035.3258056640625,0.0,-1,16
test-021.jpg,2,8.670000076293945,0.18508398532867432,2309.160888671875,0.0,1035.3258056640625,0.0,-1,16
test-021.jpg,3,4.335000038146973,0.18702569603919983,2309.160888671875,0.0,1035.3258056640625,0.0,-1,16
test-021.jpg,4,0.0,0.18574966490268707,2309.160888671875,0.0,1035.3258056640625,0.0,-1,16
test-021.jpg,5,4.335000038146973,0.18508857488632202,3148.771240234375,1074.7998046875,835.2825927734375,0.0,-1,16
test-021.jpg,6,4.335000038146973,0.2484118640422821,2856.060546875,3767.234130859375,809.9527587890625,0.003169679976087526,11,16
test-021.jpg,7,13.005000114440918,0.3083518445491791,2880.25634765625,3773.46337890625,804.2742309570312,0.0031473620315479785,11,16
test-021.jpg,8,4.335000038146973,0.29862648248672485,3122.75244140625,1493.5545654296875,796.6538696289062,0.0,-1,16
test-021.jpg,9,4.335000038146973,0.22337397933006287,3112.37841796875,1408.1812744140625,787.74609375,0.0,-1,16
test-021.jpg,10,4.335000038146973,0.18087707459926605,3058.062744140625,1470.9549560546875,785.5364990234375,0.0,-1,16
test-021.jpg,11,4.335000038146973,0.20391640067100525,3086.3818359375,1476.747314453125,779.0167846679688,0.0,-1,16
test-021.jpg,12,4.335000038146973,0.2693274915218353,3188.635498046875,606.851806640625,764.4116821289062,0.0,-1,16
test-021.jpg,13,4.335000038146973,0.3228330612182617,3149.9638671875,852.7981567382812,751.5908813476562,0.0,-1,16
test-021.jpg,14,4.335000038146973,0.18821151554584503,3129.555908203125,906.2144165039062,747.0670776367188,0.0,-1,16
test-021.jpg,15,13.005000114440918,0.1809176802635193,3130.05224609375,1577.7296142578125,746.4000854492188,0.0,-1,16
test-021.jpg,16,4.335000038146973,0.17527838051319122,2885.8251953125,2461.13671875,743.2579956054688,0.0044499998077754755,14,16
test-021.jpg,17,4.335000038146973,0.18970303237438202,2924.287109375,947.509033203125,742.570068359375,0.0,-1,16
test-021.jpg,18,4.335000038146973,0.2712867259979248,3126.624755859375,745.6358642578125,737.6578979492188,0.0,-1,16
test-021.jpg,19,4.335000038146973,0.22040428221225739,3120.78466796875,1891.437255859375,737.1033935546875,0.004879127096570735,5,16
test-021.jpg,20,4.335000038146973,0.2256608009338379,3038.416015625,1279.9310302734375,732.570556640625,0.0,-1,16
test-021.jpg,21,4.335000038146973,0.32560187578201294,2890.478271484375,406.82989501953125,729.271728515625,0.0,-1,16
test-021.jpg,22,4.335000038146973,0.23586565256118774,2958.55615234375,2610.0966796875,725.1815185546875,0.004092810126401911,14,16
test-021.jpg,23,4.335000038146973,0.21921877562999725,2982.169677734375,1132.17333984375,723.4688720703125,0.0,-1,16
test-021.jpg,24,4.335000038146973,0.29737377166748047,3042.69921875,1611.4295654296875,723.4193725585938,0.0005266633761969587,5,16
test-021.jpg,25,4.335000038146973,0.35293957591056824,2937.985595703125,2630.28173828125,720.851806640625,0.004090058968041175,14,16
test-021.jpg,26,8.670000076293945,0.22716553509235382,2746.91650390625,3010.62548828125,717.0404052734375,0.003938391650300918,12,16
test-021.jpg,27,4.335000038146973,0.35082846879959106,2988.869140625,321.4926452636719,715.37646484375,0.0,-1,16
test-021.jpg,28,8.670000076293945,0.18292278051376343,2269.51171875,4064.17724609375,712.9200439453125,0.003705901441885019,11,16
test-021.jpg,29,4.335000038146973,0.24171331524848938,2925.10498046875,1313.7978515625,712.7376708984375,0.0,-1,16
test-021.jpg,30,8.670000076293945,0.1982433795928955,2581.107177734375,2918.00048828125,710.1243896484375,0.00432528546308444,12,16
test-021.jpg,31,4.335000038146973,0.2518927752971649,2981.111572265625,316.7640686035156,709.8203125,0.0,-1,16
test-021.jpg,32,4.335000038146973,0.49716445803642273,2933.379638671875,632.68896484375,709.2281494140625,0.0,-1,16
test-021.jpg,33,8.670000076293945,0.2941008508205414,2673.220458984375,2988.700927734375,705.606689453125,0.0040771035183529815,12,16
test-021.jpg,34,4.335000038146973,0.22592127323150635,2857.0849609375,3040.3203125,703.4965209960938,0.003743386165503608,12,16
test-021.jpg,35,0.0,0.17962083220481873,2567.247802734375,3064.1044921875,701.1409912109375,0.004127332947566132,12,16
test-021.jpg,36,8.670000076293945,0.17899154126644135,2692.628662109375,3300.5849609375,700.9917602539062,0.0036649851616284493,12,16
test-021.jpg,37,0.0,0.20685020089149475,2294.7685546875,3706.93310546875,696.835693359375,0.004003019557513597,11,16
test-021.jpg,38,8.670000076293945,0.24332985281944275,2623.183349609375,3076.6142578125,695.7171020507812,0.004036322371177732,12,16
test-021.jpg,39,8.670000076293945,0.2808562219142914,2674.715087890625,3144.44091796875,694.075927734375,0.003872962308767138,12,16
test-021.jpg,40,0.0,0.26349130272865295,2340.801513671875,3939.839111328125,689.598876953125,0.0036923519056058546,11,16
test-021.jpg,41,13.005000114440918,0.19607874751091003,2865.64013671875,3847.30126953125,688.13623046875,0.003102678867652984,11,16
test-021.jpg,42,8.670000076293945,0.18343958258628845,2770.794677734375,3713.975341796875,683.9998168945312,0.0033193746526433603,11,16
test-021.jpg,43,8.670000076293945,0.23906968533992767,2761.86572265625,3175.63330078125,679.1896362304688,0.003713476411919782,12,16
test-021.jpg,44,13.005000114440918,0.44581279158592224,2875.501953125,551.732666015625,677.5405883789062,0.0,-1,16
test-021.jpg,45,4.335000038146973,0.20440983772277832,2850.432861328125,664.0936889648438,675.128662109375,0.0,-1,16
test-021.jpg,46,4.335000038146973,0.18045996129512787,2753.885986328125,2022.026123046875,664.7761840820312,0.005172896620527667,5,16
test-021.jpg,47,4.335000038146973,0.17482268810272217,2775.5673828125,2270.6025390625,661.3719482421875,0.005015350881617679,14,16
test-021.jpg,48,4.335000038146973,0.18711882829666138,2492.99267578125,1349.9974365234375,647.8699340820312,0.0,-1,16
test-021.jpg,49,13.005000114440918,0.19831092655658722,2734.009765625,2005.200439453125,646.3894653320312,0.005271077929392421,5,16
test-021.jpg,50,4.335000038146973,0.3034411668777466,2652.69580078125,1474.26171875,632.2816162109375,0.0,-1,16
test-022.jpg,1,11.34000015258789,0.3271975517272949,2726.692138671875,0.0,800.1697387695312,0.0,-1,39
test-022.jpg,2,0.0,0.3529511094093323,2725.610595703125,1609.05419921875,742.1123657226562,0.0021921716374532483,32,39
test-022.jpg,3,11.34000015258789,0.721030056476593,2724.435302734375,2140.708740234375,726.4110107421875,0.001880815995870167,6,39
test-022.jpg,4,0.0,0.3583638072013855,2643.439453125,1717.2196044921875,716.3558959960938,0.0021179182778014154,32,39
test-022.jpg,5,0.0,0.3395025134086609,2552.703857421875,3076.199951171875,710.6793823242188,0.0015886882275976976,10,39
test-022.jpg,6,11.34000015258789,0.643569827079773,2615.346923828125,1785.3377685546875,709.7455444335938,0.002068272776244591,32,39
test-022.jpg,7,11.34000015258789,0.3295791447162628,2550.438232421875,2395.95263671875,705.4450073242188,0.001795248823484027,6,39
test-022.jpg,8,11.34000015258789,0.8319395184516907,2573.66796875,477.2130432128906,704.6463623046875,0.0,-1,39
test-022.jpg,9,0.0,0.2987513542175293,2517.926513671875,1644.3563232421875,681.0018310546875,0.0023219544158452786,32,39
test-022.jpg,10,11.34000015258789,0.42303267121315,2502.891357421875,2540.85595703125,680.949951171875,0.001725222296349854,6,39
test-022.jpg,11,11.34000015258789,0.36877021193504333,2496.27880859375,2562.582275390625,680.7200317382812,0.0017151085963225889,6,39
test-022.jpg,12,11.34000015258789,0.327121376991272,2510.4599609375,1644.5977783203125,679.1368408203125,0.002339124577979119,32,39
test-022.jpg,13,0.0,0.4046972692012787,2461.456298828125,3031.77587890625,671.4913940429688,0.0016717621664056551,10,39
test-022.jpg,14,11.34000015258789,0.3409970700740814,2405.70703125,1612.029052734375,664.7998046875,0.0024908183175724433,32,39
test-022.jpg,15,3.7799999713897705,0.2970522940158844,2391.614990234375,1636.1170654296875,664.3507080078125,0.002460786485937381,32,39
test-022.jpg,16,11.34000015258789,0.35497811436653137,2416.0693359375,2380.1748046875,663.832275390625,0.0019081493271867176,6,39
test-022.jpg,17,7.559999942779541,0.3226456642150879,2391.719482421875,3471.143310546875,653.1153564453125,0.0015074338458115587,10,39
test-022.jpg,18,11.34000015258789,2.1350510120391846,2416.260986328125,693.2578125,647.30615234375,0.0015568197457338517,5,39
test-022.jpg,19,11.34000015258789,0.3415009677410126,2346.267333984375,1619.680908203125,643.9894409179688,0.002542157817633442,32,39
test-022.jpg,20,11.34000015258789,0.3958263397216797,2375.095703125,492.49957275390625,636.8134155273438,0.0,-1,39
test-022.jpg,21,11.34000015258789,0.3042849600315094,2312.068115234375,3113.53662109375,632.974365234375,0.0017415217686005363,10,39
test-022.jpg,22,0.0,0.33313509821891785,2328.1201171875,3034.013671875,632.0421752929688,0.0017661618960681902,10,39
test-022.jpg,23,11.34000015258789,4.351463317871094,2280.52099609375,889.1453857421875,630.5643920898438,0.0035098859350056136,15,39
test-022.jpg,24,0.0,0.8784667253494263,2280.0810546875,889.864013671875,630.5021362304688,0.003476636498431651,15,39
test-022.jpg,25,11.34000015258789,0.34097349643707275,2300.884033203125,2445.613037109375,617.49462890625,0.0019505022325802116,6,39
test-022.jpg,26,7.559999942779541,0.3433270752429962,2113.494384765625,0.0,614.1395874023438,0.0,-1,39
test-022.jpg,27,7.559999942779541,0.41969388723373413,2166.078125,0.0,612.590087890625,0.0,-1,39
test-022.jpg,28,7.559999942779541,0.3130916357040405,2203.259521484375,0.0,611.9567260742188,0.0,-1,39
test-022.jpg,29,0.0,0.8835862874984741,2188.89404296875,1894.40771484375,607.6177978515625,0.0023190930759242764,32,39
test-022.jpg,30,11.34000015258789,1.5267376899719238,2249.5625,816.531982421875,601.8968505859375,0.0038631414546975522,15,39
test-022.jpg,31,7.559999942779541,0.5754500031471252,2187.65234375,1326.2352294921875,595.8848876953125,0.002854611288242846,0,39
test-022.jpg,32,11.34000015258789,4.3354644775390625,2128.645263671875,663.1072998046875,585.3019409179688,4.752403771599313e-06,22,39
test-022.jpg,33,11.34000015258789,0.41575920581817627,2128.51123046875,2416.9677734375,579.388916015625,0.0018787181493447411,32,39
test-022.jpg,34,3.7799999713897705,0.40588468313217163,2121.5048828125,2625.162841796875,577.9501953125,0.0017555054364781547,1,39
test-022.jpg,35,0.0,0.8246110081672668,2031.5947265625,1551.2803955078125,558.0822143554688,0.003051527580848968,32,39
test-022.jpg,36,11.34000015258789,3.614245653152466,2009.1279296875,1100.7213134765625,557.6744384765625,0.0032151843094579027,15,39
test-022.jpg,37,0.0,0.8870736956596375,2013.96044921875,3156.4091796875,557.4776000976562,0.0019628340139130804,10,39
test-022.jpg,38,7.559999942779541,0.5072451233863831,2009.2220458984375,2809.44677734375,555.7308959960938,0.0021965131763245654,27,39
test-022.jpg,39,11.34000015258789,0.4189552962779999,1998.775390625,2013.9908447265625,537.4440307617188,0.002401892706857412,32,39
test-022.jpg,40,11.34000015258789,4.064754486083984,1906.861083984375,2312.74951171875,533.8629150390625,0.0021964458815693136,32,39
test-022.jpg,41,7.559999942779541,0.5532069206237793,1907.69189453125,2314.110107421875,533.6752319335938,0.0021865017491720672,32,39
test-022.jpg,42,7.559999942779541,0.4172040820121765,1933.306640625,3612.51806640625,531.68359375,0.0017932742894743406,10,39
test-022.jpg,43,7.559999942779541,0.4430271089076996,1920.0677490234375,3618.8916015625,522.3236083984375,0.0018025201629275438,10,39
test-022.jpg,44,11.34000015258789,0.3616466522216797,1893.086181640625,1744.0682373046875,519.9613037109375,0.0029294042659359595,32,39
test-022.jpg,45,11.34000015258789,2.1936466693878174,1916.841064453125,3597.52392578125,518.3016357421875,0.0018207811630667078,10,39
test-022.jpg,46,11.34000015258789,3.284754991531372,1850.4327392578125,2041.1744384765625,518.197998046875,0.0025646580115026634,32,39
test-022.jpg,47,7.559999942779541,0.557191014289856,1851.337158203125,2041.50390625,517.9103393554688,0.002554310363212461,32,39
test-022.jpg,48,11.34000015258789,0.5304773449897766,1876.552490234375,799.187744140625,516.066162109375,0.0047305921738151025,15,39
test-022.jpg,49,7.559999942779541,0.3601989150047302,1905.339599609375,3439.616943359375,512.288330078125,0.0019111526117340143,10,39
test-022.jpg,50,11.34000015258789,1.7110638618469238,1897.3111572265625,3411.812255859375,512.0504760742188,0.0019395609271646648,10,39
test-023.jpg,1,5.78000020980835,0.18291111290454865,3574.6259765625,403.54803466796875,832.3195190429688,0.0,-1,16
test-023.jpg,2,5.78000020980835,0.14807748794555664,4167.85595703125,251.66001892089844,829.1988525390625,0.0,-1,16
test-023.jpg,3,5.78000020980835,0.15426312386989594,4254.1044921875,2005.7618408203125,825.2266235351562,0.0076477882037143795,12,16
test-023.jpg,4,5.78000020980835,0.1625148504972458,4222.66796875,2310.738037109375,824.0384521484375,0.007907270416193156,12,16
test-023.jpg,5,5.78000020980835,0.14463147521018982,3803.9677734375,0.0,819.6694946289062,0.0,-1,16
test-023.jpg,6,17.34000015258789,0.13967745006084442,4215.1455078125,201.72335815429688,818.4430541992188,0.0,-1,16
test-023.jpg,7,17.34000015258789,0.19043013453483582,4417.3330078125,421.51611328125,810.9653930664062,0.0,-1,16
test-023.jpg,8,5.78000020980835,0.15538932383060455,4365.6396484375,2774.1875,807.8726806640625,0.006370225846981755,12,16
test-023.jpg,9,17.34000015258789,0.14516788721084595,4397.720703125,2765.8046875,807.7052001953125,0.006359577328240549,12,16
test-023.jpg,10,0.0,0.1953388750553131,3719.037353515625,0.0,807.6409912109375,0.0,-1,16
test-023.jpg,11,5.78000020980835,0.2509549856185913,3748.34375,0.0,807.1981201171875,0.0,-1,16
test-023.jpg,12,17.34000015258789,0.7921286225318909,3899.518310546875,0.0,803.820556640625,0.0,-1,16
test-023.jpg,13,11.5600004196167,0.26174768805503845,3911.390869140625,0.0,803.6044921875,0.0,-1,16
test-023.jpg,14,0.0,0.7179834246635437,3911.390869140625,0.0,803.6044921875,0.0,-1,16
test-023.jpg,15,5.78000020980835,0.14068059623241425,4465.08447265625,82.13385009765625,802.11083984375,0.0,-1,16
test-023.jpg,16,17.34000015258789,0.2734723687171936,3982.7548828125,0.0,801.9397583007812,0.0,-1,16
test-023.jpg,17,5.78000020980835,0.38419240713119507,3982.7548828125,0.0,801.9397583007812,0.0,-1,16
test-023.jpg,18,17.34000015258789,0.2719443738460541,4277.62451171875,140.36192321777344,801.9194946289062,0.0,-1,16
test-023.jpg,19,5.78000020980835,0.8374268412590027,3929.29150390625,2.810926914215088,801.0171508789062,0.0,-1,16
test-023.jpg,20,5.78000020980835,0.14155350625514984,4123.1982421875,0.0,800.15625,0.0,-1,16
test-023.jpg,21,5.78000020980835,0.47857120633125305,4353.3583984375,236.5318145751953,800.109619140625,0.0,-1,16
test-023.jpg,22,5.78000020980835,0.14054541289806366,4426.67529296875,2691.686279296875,799.1712036132812,0.0064748070368167675,12,16
test-023.jpg,23,11.5600004196167,0.13837963342666626,4188.673828125,2622.83544921875,752.5491943359375,0.007032575145966656,12,16
test-023.jpg,24,17.34000015258789,0.20472434163093567,4159.19384765625,2333.304931640625,748.687744140625,0.00797279615374017,12,16
test-023.jpg,25,17.34000015258789,0.21437369287014008,4213.892578125,3254.569091796875,739.1970825195312,0.005641326884405038,12,16
test-023.jpg,26,17.34000015258789,0.15438944101333618,4118.56103515625,2727.99072265625,739.099609375,0.006886639301756914,12,16
test-023.jpg,27,11.5600004196167,0.14043672382831573,3995.2880859375,2473.536376953125,736.8859252929688,0.007819077028175334,12,16
test-023.jpg,28,17.34000015258789,0.17891472578048706,4072.1787109375,2678.677490234375,728.269775390625,0.007093716351881761,12,16
test-023.jpg,29,5.78000020980835,0.14706598222255707,3920.1396484375,2867.844970703125,720.781494140625,0.0068634851406156865,12,16
test-023.jpg,30,5.78000020980835,0.1425768882036209,3974.769287109375,3216.18212890625,715.6810913085938,0.006035837162739726,12,16
test-023.jpg,31,11.5600004196167,0.1451054811477661,3930.652587890625,2555.294189453125,706.6195068359375,0.007693731998251732,12,16
test-023.jpg,32,0.0,0.16504107415676117,3923.355712890625,2590.785400390625,699.9452514648438,0.007580142374636599,12,16
test-023.jpg,33,17.34000015258789,0.18420855700969696,3915.521728515625,3002.064208984375,698.939697265625,0.006583902845373575,12,16
test-023.jpg,34,17.34000015258789,0.1396034061908722,3870.845703125,2787.141845703125,697.576416015625,0.007173737787026253,12,16
test-023.jpg,35,17.34000015258789,0.18460200726985931,3903.646728515625,2651.38232421875,692.2938232421875,0.007477555241589641,12,16
test-023.jpg,36,0.0,0.19131749868392944,3755.46337890625,2724.96240234375,674.7274169921875,0.007529138207775364,12,16
test-023.jpg,37,0.0,0.14023882150650024,3740.226806640625,2973.083984375,673.3489990234375,0.0069287388470553055,12,16
test-023.jpg,38,0.0,0.14640922844409943,3744.2861328125,2763.91748046875,671.8731079101562,0.007445051845073107,12,16
test-023.jpg,39,17.34000015258789,0.18164698779582977,3334.541748046875,2152.009033203125,648.2289428710938,0.010793430677887838,12,16
test-023.jpg,40,17.34000015258789,3.860388994216919,3205.872314453125,1630.3382568359375,597.8359375,0.009710229460244529,5,16
test-023.jpg,41,11.5600004196167,0.3862658143043518,3207.1083984375,1630.56396484375,597.5667114257812,0.009666920039618733,5,16
test-023.jpg,42,17.34000015258789,0.14846764504909515,3257.52490234375,1252.9971923828125,592.2647705078125,0.0,-1,16
test-023.jpg,43,11.5600004196167,0.2366129755973816,3202.754638671875,2541.9189453125,565.6454467773438,0.009498701912038152,12,16
test-023.jpg,44,5.78000020980835,0.18694272637367249,2775.67333984375,116.17813110351562,564.4965209960938,0.0,-1,16
test-023.jpg,45,11.5600004196167,0.16716544330120087,3194.845947265625,2581.086669921875,563.8582153320312,0.009377535370289847,12,16
test-023.jpg,46,5.78000020980835,0.18033336102962494,2795.641357421875,85.84002685546875,554.6859130859375,0.0,-1,16
test-023.jpg,47,17.34000015258789,3.5247204303741455,2956.88232421875,2107.6376953125,551.4757080078125,0.008485406585759667,12,16
test-023.jpg,48,0.0,0.1594245582818985,2930.355712890625,1123.8841552734375,548.3038330078125,0.0,-1,16
test-023.jpg,49,5.78000020980835,0.24045534431934357,2889.61572265625,175.15753173828125,539.3067016601562,0.0,-1,16
test-023.jpg,50,5.78000020980835,0.23223894834518433,2894.233154296875,154.48252868652344,536.8515625,0.0,-1,16
test-024.jpg,1,11.699999809265137,0.2059927135705948,2636.236572265625,2363.783203125,698.1159057617188,0.004454568218153457,46,56
test-024.jpg,2,3.9000000953674316,1.3203859329223633,2608.23779296875,2040.612060546875,696.8427124023438,0.004979849029145743,55,56
test-024.jpg,3,7.800000190734863,0.4626406133174896,2408.032470703125,2737.07373046875,664.0005493164062,0.004285908200070554,35,56
test-024.jpg,4,11.699999809265137,0.20603303611278534,2424.990234375,2393.595458984375,661.3345336914062,0.004859440524388849,35,56
test-024.jpg,5,3.9000000953674316,1.64510977268219,2442.88134765625,2415.269287109375,656.8755493164062,0.004782237352885629,35,56
test-024.jpg,6,3.9000000953674316,1.3171188831329346,2374.473876953125,2235.7509765625,644.8922119140625,0.005216834259652756,46,56
test-024.jpg,7,0.0,1.2207868099212646,2373.53369140625,2234.90234375,644.8113403320312,0.005212083658954408,46,56
test-024.jpg,8,11.699999809265137,3.359139919281006,2284.589599609375,2936.779296875,636.0357055664062,0.004222373434773158,35,56
test-024.jpg,9,7.800000190734863,0.4134598970413208,2198.578125,1764.8504638671875,614.2137451171875,0.00678827265411658,28,56
test-024.jpg,10,11.699999809265137,0.6877482533454895,2204.26416015625,1513.9345703125,610.8699340820312,0.007908638950017434,28,56
test-024.jpg,11,11.699999809265137,0.2792249023914337,2210.37451171875,1460.41748046875,605.5892333984375,0.008173515851142135,28,56
test-024.jpg,12,11.699999809265137,0.8574093580245972,2208.756591796875,1341.0196533203125,603.4327392578125,0.008741982250982515,23,56
test-024.jpg,13,0.0,1.8348594903945923,2230.40380859375,1515.05615234375,601.204345703125,0.007774597045874557,28,56
test-024.jpg,14,0.0,0.2348921298980713,2220.687744140625,1475.2147216796875,599.2183837890625,0.008011064965151126,28,56
test-024.jpg,15,3.9000000953674316,1.2462222576141357,2208.957275390625,1326.6046142578125,597.6702880859375,0.00880755442867195,23,56
test-024.jpg,16,11.699999809265137,0.3027684986591339,1999.0413818359375,1144.562744140625,588.66259765625,0.010404412379164892,1,56
test-024.jpg,17,0.0,0.23713141679763794,2174.141845703125,1830.5382080078125,587.9486083984375,0.0065940679870880245,28,56
test-024.jpg,18,11.699999809265137,0.37553441524505615,1933.3948974609375,1150.6087646484375,586.5009765625,0.010703957918625493,1,56
test-024.jpg,19,3.9000000953674316,0.8258557915687561,2113.440673828125,1159.69873046875,586.2610473632812,0.009678120816776192,1,56
test-024.jpg,20,11.699999809265137,0.2684343159198761,2243.50634765625,1031.5972900390625,582.2201538085938,0.00774896654799975,2,56
test-024.jpg,21,11.699999809265137,4.277469635009766,2166.392578125,1867.6593017578125,581.9780883789062,0.006535467482006302,28,56
test-024.jpg,22,3.9000000953674316,1.1055258512496948,2166.39111328125,1866.564697265625,581.9016723632812,0.006504647272694019,28,56
test-024.jpg,23,11.699999809265137,4.539205074310303,2135.638916015625,2496.67431640625,579.8777465820312,0.005318579404233285,35,56
test-024.jpg,24,11.699999809265137,0.24761123955249786,2213.38037109375,2824.782958984375,573.4635620117188,0.004526973676597645,35,56
test-024.jpg,25,11.699999809265137,0.21445272862911224,2026.944091796875,2912.369140625,568.8652954101562,0.004796971708371923,35,56
test-024.jpg,26,7.800000190734863,0.36818042397499084,2045.517822265625,2918.647216796875,560.1268920898438,0.004734110542753061,35,56
test-024.jpg,27,11.699999809265137,4.196103096008301,2066.56494140625,2009.3060302734375,558.0760498046875,0.006368576367130775,28,56
test-024.jpg,28,3.9000000953674316,1.2675690650939941,1916.196044921875,2669.93359375,540.7835693359375,0.005516452721909653,35,56
test-024.jpg,29,11.699999809265137,0.20509140193462372,2044.264404296875,2448.156494140625,539.8798828125,0.005657989618975556,35,56
test-024.jpg,30,7.800000190734863,0.7354351282119751,1889.3369140625,2156.263427734375,521.1738891601562,0.006813364552421713,46,56
test-024.jpg,31,3.9000000953674316,1.3381412029266357,1843.9822998046875,3144.546630859375,499.06982421875,0.004867419943977637,35,56
test-024.jpg,32,11.699999809265137,4.643086910247803,1823.2037353515625,1514.2249755859375,498.1737060546875,0.009412665642603547,23,56
test-024.jpg,33,11.699999809265137,0.2127312868833542,1728.19189453125,1509.9356689453125,496.8680114746094,0.009932750625360894,23,56
test-024.jpg,34,11.699999809265137,0.4174427092075348,1681.067138671875,1516.265625,494.4168701171875,0.010171874073144132,23,56
test-024.jpg,35,3.9000000953674316,1.1103734970092773,1741.3870849609375,1744.9110107421875,492.1528625488281,0.008529848452996711,34,56
test-024.jpg,36,11.699999809265137,0.23067018389701843,1746.1573486328125,1773.6005859375,487.5422058105469,0.008402272666661229,34,56
test-024.jpg,37,11.699999809265137,0.2014608383178711,1820.72216796875,1399.5760498046875,479.8454284667969,0.010167886047112103,23,56
test-024.jpg,38,3.9000000953674316,1.656888723373413,1736.09912109375,2231.154296875,477.03533935546875,0.0071552242815622075,46,56
test-024.jpg,39,7.800000190734863,0.7025158405303955,1644.35400390625,1274.6224365234375,475.0335388183594,0.012346278599194453,23,56
test-024.jpg,40,11.699999809265137,0.34175199270248413,1554.394287109375,1509.98779296875,474.5305480957031,0.011052322244900272,23,56
test-024.jpg,41,3.9000000953674316,0.8892948031425476,1688.8787841796875,2000.2506103515625,472.3912048339844,0.0076713890884185214,34,56
test-024.jpg,42,7.800000190734863,0.42630571126937866,1689.0653076171875,1998.738525390625,472.27630615234375,0.0076923694920171945,34,56
test-024.jpg,43,11.699999809265137,0.21128201484680176,1517.1585693359375,2581.119140625,445.68353271484375,0.007111917807754317,46,56
test-024.jpg,44,3.9000000953674316,1.1111984252929688,1560.3883056640625,1514.72705078125,443.1808776855469,0.010925643185283366,23,56
test-024.jpg,45,11.699999809265137,0.21403349936008453,1467.197021484375,2468.4306640625,438.7220153808594,0.007691896674486738,46,56
test-024.jpg,46,0.0,0.23660820722579956,1467.08935546875,2399.80517578125,438.0190124511719,0.007849433356822444,46,56
test-024.jpg,47,11.699999809265137,4.663994789123535,1576.844970703125,2591.642333984375,437.7706298828125,0.006824654571719352,46,56
test-024.jpg,48,3.9000000953674316,0.9973950386047363,1479.2432861328125,2469.83349609375,435.7577819824219,0.007586521502035382,46,56
test-024.jpg,49,7.800000190734863,0.5298868417739868,1529.93212890625,952.4931030273438,425.792724609375,0.012309061542739941,2,56
test-024.jpg,50,11.699999809265137,4.572790622711182,1528.3199462890625,3067.541015625,421.6251525878906,0.005948518026702217,46,56
test-025.jpg,1,7.679999828338623,0.18064916133880615,2588.390625,3462.06005859375,896.8045043945312,0.0014526350681794175,27,36
test-025.jpg,2,7.679999828338623,0.18082135915756226,2453.005126953125,3624.123779296875,823.0836181640625,0.0014645014506237863,27,36
test-025.jpg,3,11.520000457763672,0.22820764780044556,2883.718017578125,1447.2745361328125,810.3684692382812,0.0025768708760964248,1,36
test-025.jpg,4,7.679999828338623,0.16481377184391022,2829.363037109375,1719.4105224609375,807.2722778320312,0.00267523287963797,27,36
test-025.jpg,5,0.0,0.27739638090133667,2480.481689453125,3302.483154296875,805.80224609375,0.0015844101430819994,27,36
test-025.jpg,6,11.520000457763672,0.41255757212638855,2692.901123046875,2107.703125,804.8641357421875,0.002296808565417435,27,36
test-025.jpg,7,11.520000457763672,0.29357871413230896,2981.95361328125,1621.4898681640625,804.4185180664062,0.002391477965485913,34,36
test-025.jpg,8,11.520000457763672,0.31105509400367737,2894.369140625,1661.6490478515625,801.7411499023438,0.002489496259059061,27,36
test-025.jpg,9,11.520000457763672,0.2312992662191391,2950.013427734375,1663.4022216796875,801.0640258789062,0.0024849755104204446,27,36
test-025.jpg,10,11.520000457763672,0.19880449771881104,2898.477294921875,1739.0955810546875,800.9683227539062,0.0025851967889240477,27,36
test-025.jpg,11,11.520000457763672,0.5151867866516113,2884.84033203125,1839.178955078125,800.2083129882812,0.0024565262297481217,27,36
test-025.jpg,12,0.0,0.2272520214319229,2594.382080078125,3945.626220703125,778.2574462890625,0.0012678938847869151,27,36
test-025.jpg,13,11.520000457763672,0.1687798649072647,2606.588134765625,3169.1416015625,739.7600708007812,0.0015781216955348906,27,36
test-025.jpg,14,7.679999828338623,0.16979306936264038,2010.3494873046875,3623.212890625,695.0198974609375,0.0017886484423174586,27,36
test-025.jpg,15,0.0,0.19707892835140228,2051.19140625,3549.357177734375,681.5045776367188,0.001782690668479755,27,36
test-025.jpg,16,0.0,1.4386587142944336,1857.1429443359375,2734.917236328125,510.8412780761719,0.0025565056830112254,27,36
test-025.jpg,17,11.520000457763672,4.190080165863037,1798.22900390625,3072.6630859375,488.0223083496094,0.0023671819298099524,27,36
test-025.jpg,18,7.679999828338623,0.3612940311431885,1798.334228515625,3074.30810546875,487.900146484375,0.0023577605050890582,27,36
test-025.jpg,19,11.520000457763672,0.28143930435180664,1615.4658203125,2064.6962890625,484.2137756347656,0.003919413655546422,27,36
test-025.jpg,20,11.520000457763672,0.3230718672275543,1622.4376220703125,2971.34521484375,483.8680725097656,0.0027116182550554944,27,36
test-025.jpg,21,11.520000457763672,0.3564285337924957,1767.2235107421875,3019.285400390625,480.1822814941406,0.0024485202332102077,27,36
test-025.jpg,22,0.0,0.15239353477954865,1530.1409912109375,3801.840087890625,477.5775451660156,0.0021266544058003716,2,36
test-025.jpg,23,7.679999828338623,0.5006686449050903,1716.6876220703125,2089.18408203125,474.9540100097656,0.003635726052159847,27,36
test-025.jpg,24,7.679999828338623,0.3824850022792816,1731.2987060546875,2976.274169921875,471.90380859375,0.002530168538146295,27,36
test-025.jpg,25,11.520000457763672,0.18971577286720276,1599.1387939453125,2969.0869140625,470.53839111328125,0.0027533814280230125,27,36
test-025.jpg,26,11.520000457763672,0.15266689658164978,1711.1849365234375,2105.8642578125,470.23040771484375,0.0036261483452764763,27,36
test-025.jpg,27,11.520000457763672,0.2517716586589813,1595.5274658203125,2070.46728515625,469.80828857421875,0.003957628155441685,27,36
test-025.jpg,28,3.8399999141693115,1.4147346019744873,1656.3753662109375,2012.6773681640625,465.79443359375,0.0039047049413329896,27,36
test-025.jpg,29,11.520000457763672,0.17353090643882751,1643.9884033203125,1927.9473876953125,453.94549560546875,0.0041238883566332854,27,36
test-025.jpg,30,11.520000457763672,0.19211240112781525,1712.196533203125,117.02135467529297,453.84185791015625,0.0,-1,36
test-025.jpg,31,3.8399999141693115,0.17223186790943146,1475.8875732421875,1579.046875,453.35626220703125,0.004879143136147801,11,36
test-025.jpg,32,0.0,0.17879249155521393,1650.1915283203125,2033.163330078125,452.94970703125,0.003868470960598288,27,36
test-025.jpg,33,0.0,0.16594526171684265,1622.25146484375,1869.1529541015625,449.46435546875,0.004280389718283352,27,36
test-025.jpg,34,0.0,1.0889619588851929,1629.974365234375,2732.041015625,448.7868347167969,0.002915499156444799,27,36
test-025.jpg,35,3.8399999141693115,2.1246612071990967,1621.9454345703125,2182.20068359375,447.9376525878906,0.0036789959941076634,27,36
test-025.jpg,36,0.0,1.344545602798462,1632.5814208984375,3022.98779296875,446.5170593261719,0.0026308115039939267,27,36
test-025.jpg,37,11.520000457763672,3.715160608291626,1616.6627197265625,1840.6517333984375,440.9140319824219,0.004401492394023024,27,36
test-025.jpg,38,7.679999828338623,0.3400961756706238,1616.7386474609375,1841.614501953125,440.86187744140625,0.0043804364055740844,27,36
test-025.jpg,39,11.520000457763672,1.7458360195159912,1571.114013671875,2145.265869140625,436.68206787109375,0.0038821173895824904,27,36
test-025.jpg,40,11.520000457763672,0.23212194442749023,1417.355224609375,1572.6695556640625,435.8395080566406,0.005129857010139139,11,36
test-025.jpg,41,7.679999828338623,0.5324457287788391,1567.8759765625,2130.90478515625,435.4056701660156,0.0039045689966711638,27,36
test-025.jpg,42,0.0,0.23152929544448853,1563.7701416015625,2102.89453125,434.29779052734375,0.003946982313288471,27,36
test-025.jpg,43,3.8399999141693115,2.1562910079956055,1575.84619140625,1604.7337646484375,431.3197937011719,0.004501318759737154,11,36
test-025.jpg,44,7.679999828338623,0.5864165425300598,1542.021484375,2941.675537109375,429.40777587890625,0.00256169618825521,34,36
test-025.jpg,45,3.8399999141693115,1.8607726097106934,1542.206787109375,2941.2861328125,429.3970947265625,0.0025564393996535253,34,36
test-025.jpg,46,0.0,1.1550334692001343,1539.28125,1332.325927734375,428.7803039550781,0.0,-1,36
test-025.jpg,47,7.679999828338623,0.16458545625209808,1578.8470458984375,1220.0621337890625,418.79681396484375,0.0,-1,36
test-025.jpg,48,0.0,0.16798469424247742,1450.4185791015625,3155.940673828125,418.5191345214844,0.002702749149372416,2,36
test-025.jpg,49,11.520000457763672,0.1782190203666687,1576.9254150390625,1194.208740234375,418.1698913574219,0.0,-1,36
test-025.jpg,50,7.679999828338623,0.16486799716949463,1563.611572265625,772.1691284179688,413.5589294433594,0.0,-1,36
test-026.jpg,1,11.520000457763672,3.520394802093506,2625.84814453125,2175.3251953125,709.3994140625,0.0042798188440063235,129,135
test-026.jpg,2,11.520000457763672,3.4310190677642822,2618.955078125,1663.096923828125,707.5771484375,0.005615288803493293,129,135
test-026.jpg,3,11.520000457763672,2.3147499561309814,2600.693115234375,1699.2481689453125,707.5418090820312,0.00553070357043999,129,135
test-026.jpg,4,0.0,2.0576186180114746,2591.302978515625,1765.1416015625,706.0197143554688,0.005318817381677353,129,135
test-026.jpg,5,0.0,4.334468364715576,2443.4091796875,2231.13330078125,672.1044921875,0.0044661066271174865,129,135
test-026.jpg,6,11.520000457763672,1.583992600440979,2434.008544921875,2382.694580078125,653.85400390625,0.004212743095501797,129,135
test-026.jpg,7,11.520000457763672,3.719667434692383,2359.228271484375,1292.86083984375,630.6209716796875,0.008029003820126638,129,135
test-026.jpg,8,0.0,2.1459567546844482,2358.7041015625,1295.0889892578125,630.4625244140625,0.007968075145922817,129,135
test-026.jpg,9,11.520000457763672,3.294231653213501,2288.3525390625,1605.23193359375,628.1463623046875,0.006662382481297677,129,135
test-026.jpg,10,11.520000457763672,4.325786113739014,2315.6669921875,1148.0140380859375,628.0150146484375,0.009221221036414587,129,135
test-026.jpg,11,0.0,3.5292539596557617,2263.8369140625,1760.163330078125,627.4275512695312,0.006110543402486375,129,135
test-026.jpg,12,11.520000457763672,2.312854051589966,2279.306640625,1763.2879638671875,627.3680419921875,0.006084863826357624,129,135
test-026.jpg,13,0.0,2.595707893371582,2286.602783203125,2096.01904296875,626.3571166992188,0.005076430969877838,129,135
test-026.jpg,14,11.520000457763672,2.5442328453063965,2329.16357421875,2427.521484375,624.097412109375,0.004323664204701414,129,135
test-026.jpg,15,11.520000457763672,2.602156400680542,2304.779296875,2317.355712890625,619.7168579101562,0.0045777107839491725,129,135
test-026.jpg,16,11.520000457763672,4.154850482940674,2259.07421875,1238.873779296875,611.352783203125,0.00875644835035116,129,135
test-026.jpg,17,11.520000457763672,2.8599069118499756,2279.60107421875,1918.4447021484375,610.8248291015625,0.00559301929786757,129,135
test-026.jpg,18,11.520000457763672,1.601361870765686,2246.576416015625,2285.843994140625,608.2340087890625,0.0047596558408933,129,135
test-026.jpg,19,11.520000457763672,3.6887547969818115,2238.194091796875,2277.828369140625,605.708984375,0.004798798277260262,129,135
test-026.jpg,20,0.0,2.03080415725708,2236.26416015625,1428.893798828125,604.0341186523438,0.007615543361322522,129,135
test-026.jpg,21,11.520000457763672,3.984898567199707,2191.130126953125,1188.3822021484375,597.3975830078125,0.00941304308716898,129,135
test-026.jpg,22,11.520000457763672,1.4226537942886353,2215.63134765625,1518.8504638671875,593.6206665039062,0.007265486564953447,129,135
test-026.jpg,23,11.520000457763672,4.1389970779418945,2176.834716796875,1881.8052978515625,592.4880981445312,0.005976774000282668,129,135
test-026.jpg,24,0.0,1.693827509880066,2181.090087890625,1959.131103515625,592.1756591796875,0.005691736879260487,129,135
test-026.jpg,25,0.0,2.2767724990844727,2124.743408203125,3032.202392578125,586.8823852539062,0.0037745728838563556,129,135
test-026.jpg,26,11.520000457763672,3.505556583404541,2126.492431640625,3031.341796875,586.6450805664062,0.003794627765494328,129,135
test-026.jpg,27,11.520000457763672,3.356173515319824,2146.844970703125,2447.06005859375,578.4096069335938,0.004656865723597403,129,135
test-026.jpg,28,0.0,1.7410129308700562,2147.644775390625,2447.447998046875,578.1946411132812,0.004626359738943753,129,135
test-026.jpg,29,0.0,1.8891769647598267,2119.591064453125,2299.308349609375,576.2096557617188,0.004990154046526159,129,135
test-026.jpg,30,3.8399999141693115,1.5500004291534424,2118.002197265625,2302.071533203125,576.2060546875,0.004996221315891901,129,135
test-026.jpg,31,11.520000457763672,4.122640609741211,2109.41748046875,1150.8623046875,575.2874145507812,0.01010083269929489,129,135
test-026.jpg,32,0.0,1.5439043045043945,2126.379150390625,1518.1402587890625,574.5592651367188,0.007535213476511555,129,135
test-026.jpg,33,0.0,1.5011307001113892,2105.67529296875,1526.5926513671875,573.9324340820312,0.007566916921416843,129,135
test-026.jpg,34,11.520000457763672,2.548685073852539,2076.700927734375,1515.34765625,573.3831176757812,0.0077779822478302695,129,135
test-026.jpg,35,11.520000457763672,2.2536935806274414,2099.852294921875,1162.10498046875,572.2295532226562,0.010032388931106005,129,135
test-026.jpg,36,11.520000457763672,2.5764098167419434,2070.636474609375,1732.4432373046875,565.7105102539062,0.006822015311161474,129,135
test-026.jpg,37,11.520000457763672,1.6189830303192139,2012.150634765625,1820.469970703125,561.208984375,0.0066779357883255935,129,135
test-026.jpg,38,0.0,1.531051754951477,2061.591064453125,2513.071533203125,560.9532470703125,0.004693140627630191,129,135
test-026.jpg,39,11.520000457763672,3.482846260070801,2060.194091796875,2513.05615234375,560.786865234375,0.00472643306928602,129,135
test-026.jpg,40,0.0,3.0704784393310547,2005.1533203125,1813.1234130859375,559.9461059570312,0.006695259462210302,129,135
test-026.jpg,41,11.520000457763672,3.008706569671631,2005.957763671875,1815.22900390625,558.2593383789062,0.006723180864983297,129,135
test-026.jpg,42,0.0,2.6986396312713623,2052.539794921875,3222.185546875,557.4229125976562,0.003677291215500699,129,135
test-026.jpg,43,11.520000457763672,3.298166275024414,2064.018310546875,2430.0224609375,553.5192260742188,0.00487868780010735,129,135
test-026.jpg,44,11.520000457763672,1.6661121845245361,2066.1884765625,2690.2734375,552.4664916992188,0.004398829594507154,129,135
test-026.jpg,45,0.0,2.489121437072754,1997.460205078125,1368.5274658203125,548.865478515625,0.00890564230693478,129,135
test-026.jpg,46,11.520000457763672,3.833137273788452,2005.8778076171875,2948.469482421875,548.7102661132812,0.004137819365013785,129,135
test-026.jpg,47,11.520000457763672,3.385471820831299,1998.93017578125,2875.2763671875,545.1283569335938,0.004257462464711328,129,135
test-026.jpg,48,0.0,1.4448721408843994,1999.5445556640625,2876.013671875,545.0794067382812,0.004227683628819615,129,135
test-026.jpg,49,0.0,1.6400985717773438,1965.9383544921875,2321.784423828125,543.5511474609375,0.005327474465457676,129,135
test-026.jpg,50,11.520000457763672,3.5829083919525146,1972.618408203125,1711.7484130859375,542.4140625,0.007253989777126126,129,135
test-027.jpg,1,17.34000015258789,0.16185790300369263,3562.7275390625,0.0,822.6912231445312,0.0,-1,16
test-027.jpg,2,17.34000015258789,0.19964538514614105,3702.262451171875,0.0,811.9583740234375,0.0,-1,16
test-027.jpg,3,17.34000015258789,0.25885260105133057,3824.181884765625,0.0,803.7263793945312,0.0,-1,16
test-027.jpg,4,17.34000015258789,0.21136607229709625,4009.776123046875,0.0,800.57373046875,0.0,-1,16
test-027.jpg,5,5.78000020980835,0.147317573428154,4425.98779296875,2231.0068359375,800.1395263671875,0.004134019663330935,14,16
test-027.jpg,6,17.34000015258789,0.15964284539222717,4350.9580078125,3339.87451171875,797.959716796875,0.002816614620665822,14,16
test-027.jpg,7,17.34000015258789,0.1811669021844864,4052.2373046875,2960.578857421875,754.2835083007812,0.003412753371006865,14,16
test-027.jpg,8,17.34000015258789,0.14744965732097626,3877.1103515625,449.6515808105469,748.4453125,0.0,-1,16
test-027.jpg,9,17.34000015258789,0.18012921512126923,3864.904296875,516.827880859375,747.5029907226562,0.0,-1,16
test-027.jpg,10,17.34000015258789,0.3683084547519684,3888.927490234375,572.62939453125,732.3151245117188,0.0,-1,16
test-027.jpg,11,17.34000015258789,0.24991245567798615,3970.55126953125,3260.208984375,729.0778198242188,0.003163189965691266,14,16
test-027.jpg,12,17.34000015258789,0.2909265160560608,3891.521484375,541.5932006835938,727.03515625,0.0,-1,16
test-027.jpg,13,17.34000015258789,0.16178345680236816,3860.869140625,1283.43994140625,726.755126953125,0.005801735781910873,10,16
test-027.jpg,14,17.34000015258789,0.2392062246799469,3858.786865234375,530.913818359375,719.928466796875,0.0,-1,16
test-027.jpg,15,17.34000015258789,0.3330773711204529,4046.33984375,2477.384765625,718.8233032226562,0.004084652613474755,14,16
test-027.jpg,16,17.34000015258789,0.202935129404068,3860.09521484375,1937.6729736328125,702.8524780273438,0.004512960804106719,12,16
test-027.jpg,17,11.5600004196167,0.1512279212474823,3695.314208984375,468.32452392578125,693.9616088867188,0.0,-1,16
test-027.jpg,18,0.0,0.15501239895820618,2789.769287109375,469.67181396484375,686.13720703125,0.0,-1,16
test-027.jpg,19,17.34000015258789,0.15045659244060516,3762.167236328125,2641.744140625,676.7813110351562,0.004120876909618245,14,16
test-027.jpg,20,0.0,0.15296058356761932,3755.37255859375,2563.124267578125,666.3556518554688,0.004235363348152156,14,16
test-027.jpg,21,17.34000015258789,0.3743215501308441,3747.86669921875,2582.158447265625,665.1439208984375,0.004232503909481221,14,16
test-027.jpg,22,17.34000015258789,0.4177256226539612,3712.298828125,2469.909423828125,663.0485229492188,0.0044675587529077795,14,16
test-027.jpg,23,0.0,0.16331793367862701,3697.169677734375,2489.398681640625,662.0108032226562,0.004429473439978454,14,16
test-027.jpg,24,0.0,0.15402376651763916,3594.070556640625,2438.286865234375,649.1318969726562,0.004652040463466908,14,16
test-027.jpg,25,0.0,0.1520887166261673,3544.359619140625,703.5482788085938,646.28564453125,0.0,-1,16
test-027.jpg,26,17.34000015258789,0.20439937710762024,3448.09765625,326.0907897949219,624.7734985351562,0.0,-1,16
test-027.jpg,27,17.34000015258789,0.20715433359146118,3438.083984375,356.26275634765625,620.4583740234375,0.0,-1,16
test-027.jpg,28,17.34000015258789,0.14703290164470673,3410.328857421875,384.196533203125,618.4498901367188,0.0,-1,16
test-027.jpg,29,0.0,0.15667788684368134,3224.240478515625,1883.61083984375,606.370361328125,0.0055329506450669365,12,16
test-027.jpg,30,0.0,0.15204393863677979,3199.24755859375,2278.563232421875,584.2134399414062,0.005592519342347442,14,16
test-027.jpg,31,5.78000020980835,0.15142644941806793,3032.759033203125,2744.3720703125,571.8724975585938,0.004907485294163434,14,16
test-027.jpg,32,17.34000015258789,0.14773745834827423,2901.276611328125,2154.802001953125,542.5016479492188,0.006560306692964999,14,16
test-027.jpg,33,0.0,0.81170654296875,2943.56298828125,2166.3447265625,538.0259399414062,0.006395128904934511,14,16
test-027.jpg,34,0.0,0.15520000457763672,2801.804443359375,1748.35986328125,513.546142578125,0.006254634942716021,15,16
test-027.jpg,35,0.0,0.15968535840511322,2725.562744140625,1496.0028076171875,510.10003662109375,0.007456436959528148,9,16
test-027.jpg,36,0.0,0.15371866524219513,2803.62841796875,1838.8685302734375,507.1995544433594,0.005942883721613539,15,16
test-027.jpg,37,0.0,0.18896198272705078,2677.880615234375,1808.231689453125,495.0038146972656,0.006327500088690114,15,16
test-027.jpg,38,17.34000015258789,2.3622958660125732,2713.97412109375,1491.6162109375,493.788818359375,0.007569772154713436,9,16
test-027.jpg,39,17.34000015258789,0.16367514431476593,2801.90234375,997.906494140625,492.49053955078125,0.008213723586028447,2,16
test-027.jpg,40,0.0,0.5354581475257874,2691.491455078125,1819.99609375,491.34552001953125,0.006255994979364795,15,16
test-027.jpg,41,0.0,0.17659501731395721,2579.5810546875,617.09716796875,487.35687255859375,0.0,-1,16
test-027.jpg,42,0.0,0.17732834815979004,1832.605224609375,1632.8751220703125,485.8289489746094,0.008961961524029734,8,16
test-027.jpg,43,11.5600004196167,0.16644616425037384,2429.30712890625,1463.05908203125,476.2991027832031,0.008278498815913414,9,16
test-027.jpg,44,11.5600004196167,0.5517345666885376,2426.915771484375,1958.7974853515625,465.38153076171875,0.007103804077615815,12,16
test-027.jpg,45,17.34000015258789,2.427961587905884,2426.23779296875,1959.759521484375,464.24835205078125,0.007126175356493049,12,16
test-027.jpg,46,0.0,0.15024162828922272,2329.22314453125,617.1517333984375,462.0794677734375,0.0,-1,16
test-027.jpg,47,0.0,0.20566442608833313,2530.154541015625,1485.7249755859375,452.8507080078125,0.008088132052298334,9,16
test-027.jpg,48,0.0,0.22387123107910156,2451.401123046875,1464.8271484375,450.2978515625,0.008234765945795438,9,16
test-027.jpg,49,0.0,0.1830260306596756,2435.67333984375,1450.2379150390625,449.7476806640625,0.00810224632933722,10,16
test-027.jpg,50,0.0,2.506828784942627,2429.87548828125,1470.25341796875,447.5429382324219,0.008523902702565655,9,16
test-028.jpg,1,11.520000457763672,1.420038104057312,2941.3095703125,2265.62646484375,775.5082397460938,0.004992727702376269,66,89
test-028.jpg,2,11.520000457763672,3.7642834186553955,2686.683349609375,1796.58740234375,749.5916748046875,0.005532000859802281,11,89
test-028.jpg,3,11.520000457763672,2.9460809230804443,2436.541748046875,818.5060424804688,679.8207397460938,0.0,-1,89
test-028.jpg,4,7.679999828338623,3.568589448928833,2429.4755859375,2141.715576171875,670.1248779296875,0.006396100622016421,66,89
test-028.jpg,5,11.520000457763672,2.025576591491699,2525.791748046875,2707.73193359375,666.2700805664062,0.004868525519298125,66,89
test-028.jpg,6,11.520000457763672,2.956418514251709,2248.1552734375,1920.8599853515625,637.8388671875,0.006185118891121859,11,89
test-028.jpg,7,11.520000457763672,1.0223522186279297,2371.584716796875,2817.845703125,624.7120361328125,0.004982035338165752,66,89
test-028.jpg,8,0.0,1.3523077964782715,2158.7236328125,1267.70361328125,599.2304077148438,0.0034298089331278336,24,89
test-028.jpg,9,3.8399999141693115,2.030947685241699,2158.598388671875,1268.8414306640625,598.8779907226562,0.003482865428322172,24,89
test-028.jpg,10,3.8399999141693115,1.7764934301376343,2121.373291015625,2006.49560546875,594.9673461914062,0.0076689142295590885,66,89
test-028.jpg,11,11.520000457763672,3.618887424468994,2119.797119140625,2006.485107421875,594.817138671875,0.0077093034043612015,66,89
test-028.jpg,12,3.8399999141693115,1.992763638496399,2176.157958984375,1774.7972412109375,593.7353515625,0.0068894690909074375,11,89
test-028.jpg,13,3.8399999141693115,1.5795880556106567,2132.12890625,2243.12939453125,593.4599609375,0.0069424275087215616,66,89
test-028.jpg,14,3.8399999141693115,2.7040295600891113,2153.0322265625,2644.583740234375,590.9829711914062,0.005833134996550755,66,89
test-028.jpg,15,11.520000457763672,1.6117979288101196,2174.6279296875,1454.9395751953125,581.2880249023438,0.008439723625688303,11,89
test-028.jpg,16,11.520000457763672,2.9097344875335693,1987.663330078125,2065.2880859375,564.427001953125,0.00812650011910027,66,89
test-028.jpg,17,0.0,2.285123348236084,1987.311279296875,2065.106201171875,564.3978271484375,0.008079097890502452,66,89
test-028.jpg,18,0.0,1.0088061094284058,2039.5103759765625,1187.538330078125,561.222412109375,9.541458746114808e-07,24,89
test-028.jpg,19,11.520000457763672,3.4150774478912354,1969.376220703125,1312.265625,559.0897827148438,0.003839369863816184,11,89
test-028.jpg,20,11.520000457763672,1.3797919750213623,2076.231689453125,1580.9063720703125,551.371826171875,0.008135488464126144,11,89
test-028.jpg,21,0.0,1.4438879489898682,1946.2498779296875,1964.7220458984375,548.5801391601562,0.006943677716797806,11,89
test-028.jpg,22,11.520000457763672,2.283005475997925,1945.01220703125,1965.380126953125,548.500732421875,0.006990138431190055,11,89
test-028.jpg,23,3.8399999141693115,4.04411506652832,1971.6781005859375,1703.155517578125,544.7858276367188,0.007935216298019172,11,89
test-028.jpg,24,0.0,1.0772242546081543,1939.989990234375,2724.484130859375,528.8275756835938,0.006268711808835216,66,89
test-028.jpg,25,3.8399999141693115,3.9654877185821533,1869.224853515625,1605.25390625,518.5219116210938,0.008882433810927546,11,89
test-028.jpg,26,11.520000457763672,2.3604633808135986,1799.7083740234375,1468.7510986328125,514.038818359375,0.008406736924002164,9,89
test-028.jpg,27,11.520000457763672,2.228804588317871,1792.23486328125,2364.513427734375,509.81268310546875,0.007873425483232875,66,89
test-028.jpg,28,3.8399999141693115,2.0466089248657227,1792.5611572265625,2363.5615234375,509.7421875,0.007840738891007075,66,89
test-028.jpg,29,11.520000457763672,2.4819653034210205,1837.7078857421875,1791.40576171875,509.5526428222656,0.0077290138215432075,14,89
test-028.jpg,30,11.520000457763672,3.2345197200775146,1849.636474609375,2785.0400390625,507.397216796875,0.006477248158453184,66,89
test-028.jpg,31,0.0,1.6055152416229248,1848.881103515625,2788.2578125,507.3922424316406,0.006428335887869472,66,89
test-028.jpg,32,11.520000457763672,2.5100748538970947,1839.61572265625,1926.207763671875,505.9981994628906,0.007180019551562776,14,89
test-028.jpg,33,3.8399999141693115,1.352876901626587,1712.308349609375,3053.081298828125,491.4947509765625,0.0063523951864064895,66,89
test-028.jpg,34,3.8399999141693115,1.872543215751648,1657.3524169921875,1272.9102783203125,481.46002197265625,0.0018625379371990036,9,89
test-028.jpg,35,11.520000457763672,4.033136367797852,1659.64013671875,1274.201171875,481.0770568847656,0.0019507059645040537,9,89
test-028.jpg,36,0.0,1.470263957977295,1633.435302734375,2824.464111328125,466.09942626953125,0.007182546708642555,66,89
test-028.jpg,37,3.8399999141693115,1.740739345550537,1633.3531494140625,2827.0478515625,466.09783935546875,0.007193939745816648,66,89
test-028.jpg,38,0.0,1.2854869365692139,1603.121337890625,2709.83447265625,461.72564697265625,0.007627588212673145,66,89
test-028.jpg,39,3.8399999141693115,2.1453168392181396,1603.9234619140625,2708.7333984375,461.6368713378906,0.007647606374766968,66,89
test-028.jpg,40,0.0,1.10002601146698,1633.3614501953125,2284.0087890625,453.87384033203125,0.008882177986533103,66,89
test-028.jpg,41,3.8399999141693115,2.7733418941497803,1629.7586669921875,2289.4423828125,453.7052917480469,0.008908163900895173,66,89
test-028.jpg,42,11.520000457763672,1.844802975654602,1649.7376708984375,1260.5408935546875,452.7021179199219,0.0011122380359534112,9,89
test-028.jpg,43,3.8399999141693115,2.4169182777404785,1526.1727294921875,2087.225830078125,449.6914978027344,0.010435529464646756,66,89
test-028.jpg,44,11.520000457763672,1.8004498481750488,1560.49365234375,2520.046630859375,438.8029479980469,0.008490790271938928,66,89
test-028.jpg,45,0.0,1.280024528503418,1560.6302490234375,2520.252685546875,438.5647277832031,0.008424940718696455,66,89
test-028.jpg,46,3.8399999141693115,3.451317548751831,1507.568115234375,2245.015869140625,436.4407958984375,0.0098258415902759,66,89
test-028.jpg,47,3.8399999141693115,2.4316439628601074,1550.3924560546875,1609.0059814453125,429.62774658203125,0.008872069225789649,9,89
test-028.jpg,48,11.520000457763672,1.4228005409240723,1528.841796875,1608.48583984375,428.4869689941406,0.009040236516411435,9,89
test-028.jpg,49,11.520000457763672,1.4031414985656738,1512.813720703125,2352.48388671875,425.12841796875,0.009383332704918618,66,89
test-028.jpg,50,11.520000457763672,0.8948391079902649,1521.768310546875,1626.3321533203125,424.3685607910156,0.00933891668679359,36,89
test-029.jpg,1,15.359999656677246,0.12159577757120132,2721.713134765625,0.0,1036.4443359375,0.0,-1,48
test-029.jpg,2,10.239999771118164,0.12164932489395142,2721.713134765625,0.0,1036.4443359375,0.0,-1,48
test-029.jpg,3,5.119999885559082,0.12176380306482315,2721.713134765625,0.0,1036.4443359375,0.0,-1,48
test-029.jpg,4,0.0,0.12122699618339539,2721.713134765625,0.0,1036.4443359375,0.0,-1,48
test-029.jpg,5,10.239999771118164,0.11050563305616379,2723.554443359375,2041.75048828125,1036.08544921875,0.007427958049187007,27,48
test-029.jpg,6,10.239999771118164,0.1237274706363678,3509.92822265625,2577.87060546875,897.766845703125,0.004597447400062275,40,48
test-029.jpg,7,15.359999656677246,0.1118030846118927,3228.1044921875,0.0,821.0743408203125,0.0,-1,48
test-029.jpg,8,0.0,0.11932948231697083,3228.1044921875,0.0,821.0743408203125,0.0,-1,48
test-029.jpg,9,10.239999771118164,0.118769571185112,3539.53662109375,2832.476806640625,748.9761352539062,0.00414906351209749,40,48
test-029.jpg,10,0.0,0.1104106679558754,2736.469970703125,0.0,730.4157104492188,0.0,-1,48
test-029.jpg,11,5.119999885559082,0.14537881314754486,3430.8076171875,1282.773193359375,715.8758544921875,0.00916939830511503,47,48
test-029.jpg,12,5.119999885559082,3.4316017627716064,3291.259765625,1831.244384765625,674.6610107421875,0.006707667224218149,47,48
test-029.jpg,13,5.119999885559082,3.507488489151001,3174.574462890625,1600.6405029296875,665.8697509765625,0.007959094224472486,47,48
test-029.jpg,14,5.119999885559082,3.548752784729004,3129.642822265625,2027.9039306640625,646.5716552734375,0.006505464587048921,27,48
test-029.jpg,15,10.239999771118164,0.4153044521808624,3092.2138671875,1254.6156005859375,632.1536865234375,0.0104230158645976,47,48
test-029.jpg,16,15.359999656677246,0.21590811014175415,3089.01318359375,1327.4136962890625,630.6287231445312,0.00987640153315563,47,48
test-029.jpg,17,0.0,0.7325527667999268,3043.3017578125,1725.3355712890625,623.81201171875,0.007376982560012904,12,48
test-029.jpg,18,0.0,1.7656943798065186,2977.214599609375,1187.097900390625,612.2571411132812,0.010421737462462504,18,48
test-029.jpg,19,15.359999656677246,1.0688199996948242,2974.676513671875,1186.739501953125,612.1514282226562,0.010481775511967805,18,48
test-029.jpg,20,0.0,0.83106929063797,2897.921142578125,2384.3994140625,609.90087890625,0.006004436028612474,40,48
test-029.jpg,21,10.239999771118164,0.3342546224594116,2897.433837890625,2385.793701171875,609.8374633789062,0.0060219676019011,40,48
test-029.jpg,22,5.119999885559082,0.1547565758228302,2347.553955078125,778.039794921875,603.3717041015625,0.019615350699308826,0,48
test-029.jpg,23,5.119999885559082,0.12534360587596893,2782.706787109375,765.5774536132812,600.6917724609375,0.016341654862848023,0,48
test-029.jpg,24,15.359999656677246,0.24347081780433655,2726.869140625,806.7777099609375,597.4216918945312,0.016343496289092995,0,48
test-029.jpg,25,5.119999885559082,3.301131248474121,2843.74755859375,819.9707641601562,596.936279296875,0.015417857544914834,0,48
test-029.jpg,26,5.119999885559082,3.14737606048584,2909.02783203125,1560.8560791015625,596.1427612304688,0.008559410222334614,12,48
test-029.jpg,27,0.0,0.6806774735450745,2909.41162109375,1559.6265869140625,595.876953125,0.008536438178715288,12,48
test-029.jpg,28,15.359999656677246,1.159510612487793,2734.050048828125,2085.949951171875,561.5938110351562,0.007259832932082166,27,48
test-029.jpg,29,15.359999656677246,0.8768472075462341,2645.827880859375,1511.328369140625,559.2621459960938,0.009744804283195711,12,48
test-029.jpg,30,5.119999885559082,3.410392999649048,2644.51220703125,1512.105712890625,559.2208862304688,0.009723160221671736,12,48
test-029.jpg,31,5.119999885559082,0.24193133413791656,2472.442138671875,1485.5289306640625,558.3268432617188,0.01056517463886999,12,48
test-029.jpg,32,15.359999656677246,0.11623019725084305,2664.116943359375,804.7210693359375,543.40234375,0.016770812443745738,0,48
test-029.jpg,33,5.119999885559082,3.3115155696868896,2568.468505859375,1909.2103271484375,540.3950805664062,0.008422504199654002,27,48
test-029.jpg,34,5.119999885559082,3.352735757827759,2436.073974609375,1629.2493896484375,524.0656127929688,0.00979587516033542,12,48
test-029.jpg,35,5.119999885559082,0.18801820278167725,2415.53076171875,1488.162353515625,523.9774169921875,0.010795093724243721,12,48
test-029.jpg,36,15.359999656677246,1.000317931175232,2476.181640625,2321.3193359375,518.4044799804688,0.007263711016363955,40,48
test-029.jpg,37,10.239999771118164,0.2754495441913605,2476.871337890625,2320.717529296875,518.3372192382812,0.0072462183644352775,40,48
test-029.jpg,38,15.359999656677246,0.8280230164527893,2402.149169921875,1476.755859375,517.3504028320312,0.010990912063090049,12,48
test-029.jpg,39,10.239999771118164,0.24075613915920258,2402.685791015625,1476.71337890625,517.318603515625,0.010960879688302795,12,48
test-029.jpg,40,15.359999656677246,0.8265373706817627,2408.482666015625,1121.6201171875,498.2330017089844,0.013325645504060646,0,48
test-029.jpg,41,5.119999885559082,0.12609048187732697,2319.0654296875,2110.288330078125,498.0928955078125,0.008427131506685814,27,48
test-029.jpg,42,5.119999885559082,3.503826856613159,2292.300537109375,957.3115844726562,496.281494140625,0.016383909990387958,0,48
test-029.jpg,43,15.359999656677246,0.8490595817565918,2323.325927734375,2134.356689453125,481.5597229003906,0.008356513857211435,27,48
test-029.jpg,44,5.119999885559082,3.466336965560913,2321.940185546875,2135.70068359375,481.43048095703125,0.008329548628196702,27,48
test-029.jpg,45,10.239999771118164,0.31877589225769043,2321.85009765625,2135.321044921875,481.2978820800781,0.008337499239324801,27,48
test-029.jpg,46,15.359999656677246,0.588318407535553,2146.08984375,1353.818115234375,465.7810363769531,0.012795803843590742,7,48
test-029.jpg,47,5.119999885559082,3.5684971809387207,2147.0224609375,1354.9346923828125,465.6642761230469,0.012746612228622698,7,48
test-029.jpg,48,15.359999656677246,0.42787566781044006,2120.85302734375,1191.7401123046875,453.3554992675781,0.01378225958926698,3,48
test-029.jpg,49,0.0,0.2253582626581192,2170.347412109375,2120.955810546875,451.6949768066406,0.008939927579995816,27,48
test-029.jpg,50,5.119999885559082,3.472651958465576,2063.4873046875,1539.9581298828125,444.265625,0.01224225949081605,12,48
test-030.jpg,1,11.34000015258789,0.1597939133644104,2008.45947265625,0.0,1036.708251953125,0.0,-1,16
test-030.jpg,2,7.559999942779541,0.1622752547264099,2008.45947265625,0.0,1036.708251953125,0.0,-1,16
test-030.jpg,3,3.7799999713897705,0.16014280915260315,2008.45947265625,0.0,1036.708251953125,0.0,-1,16
test-030.jpg,4,0.0,0.16142195463180542,2008.45947265625,0.0,1036.708251953125,0.0,-1,16
test-030.jpg,5,7.559999942779541,0.1755509227514267,2808.62109375,3792.126220703125,828.0974731445312,0.002114958403845335,9,16
test-030.jpg,6,3.7799999713897705,0.19123531877994537,2308.359619140625,3032.722900390625,818.03466796875,0.003214326799511215,9,16
test-030.jpg,7,11.34000015258789,0.2347443699836731,2443.93115234375,528.2451782226562,807.6276245117188,0.0,-1,16
test-030.jpg,8,11.34000015258789,0.1569136530160904,2541.128173828125,88.21524810791016,802.6011962890625,0.0,-1,16
test-030.jpg,9,11.34000015258789,0.18688282370567322,2856.568359375,3923.818359375,802.2048950195312,0.0020122491459847107,9,16
test-030.jpg,10,11.34000015258789,0.17749781906604767,2830.34326171875,3939.36865234375,799.3712158203125,0.00202294677360269,9,16
test-030.jpg,11,7.559999942779541,0.19230936467647552,2891.60546875,191.86318969726562,796.5654296875,0.0,-1,16
test-030.jpg,12,11.34000015258789,0.3677870035171509,2417.582763671875,1275.685302734375,650.36279296875,0.0,-1,16
test-030.jpg,13,3.7799999713897705,0.16007108986377716,2042.353515625,1870.351318359375,632.5925903320312,0.0044770885129098775,1,16
test-030.jpg,14,7.559999942779541,0.1732710748910904,2227.43603515625,1642.9278564453125,607.9452514648438,0.0026237568642976756,1,16
test-030.jpg,15,11.34000015258789,0.1799093782901764,1999.9776611328125,3862.12451171875,604.0635375976562,0.002924996769998607,9,16
test-030.jpg,16,3.7799999713897705,0.17146100103855133,1944.3642578125,3878.017578125,594.5724487304688,0.0029851352665031562,9,16
test-030.jpg,17,3.7799999713897705,0.16572684049606323,1896.4036865234375,1803.1822509765625,594.271484375,0.0049694766340213446,3,16
test-030.jpg,18,3.7799999713897705,0.23904956877231598,1922.2896728515625,1930.3055419921875,585.268310546875,0.004809640882250117,9,16
test-030.jpg,19,3.7799999713897705,2.6450955867767334,2075.296142578125,1953.0406494140625,584.9793090820312,0.005289885879916351,9,16
test-030.jpg,20,3.7799999713897705,0.18408560752868652,1997.171875,1980.337158203125,583.9586181640625,0.005691092476689107,9,16
test-030.jpg,21,3.7799999713897705,0.40506675839424133,1976.495849609375,1961.5831298828125,583.53564453125,0.005806381000586778,9,16
test-030.jpg,22,3.7799999713897705,0.16283206641674042,1882.92431640625,1980.6304931640625,580.904052734375,0.006036138559479877,9,16
test-030.jpg,23,11.34000015258789,2.1894500255584717,2042.3646240234375,2050.051025390625,576.3499145507812,0.00540096427226286,9,16
test-030.jpg,24,11.34000015258789,0.18501552939414978,1869.03271484375,3870.3515625,571.691162109375,0.003124521791033733,9,16
test-030.jpg,25,11.34000015258789,0.30377310514450073,1878.3555908203125,3914.12841796875,560.0797119140625,0.0030742400937171606,9,16
test-030.jpg,26,11.34000015258789,1.9290083646774292,1917.1025390625,1940.80419921875,548.1568603515625,0.0052648176881248945,9,16
test-030.jpg,27,11.34000015258789,0.4144386351108551,1897.035400390625,3961.453857421875,542.1557006835938,0.003007505182524991,9,16
test-030.jpg,28,3.7799999713897705,0.18174177408218384,1334.2889404296875,1225.0655517578125,532.68994140625,0.0,-1,16
test-030.jpg,29,3.7799999713897705,0.47887617349624634,1864.6072998046875,1964.9998779296875,532.6292114257812,0.006145034784086087,9,16
test-030.jpg,30,3.7799999713897705,0.16708694398403168,1822.51513671875,2257.0166015625,530.4299926757812,0.005472868733631357,9,16
test-030.jpg,31,11.34000015258789,0.4976801574230194,1971.3885498046875,1295.09716796875,528.7926025390625,0.0,-1,16
test-030.jpg,32,7.559999942779541,0.4133080542087555,1894.392333984375,2286.5419921875,525.9097900390625,0.0052077857349054485,9,16
test-030.jpg,33,11.34000015258789,0.18212832510471344,1940.1883544921875,3201.2421875,524.8455810546875,0.003638272158362159,9,16
test-030.jpg,34,11.34000015258789,0.3555472195148468,1876.921630859375,3972.745849609375,524.1952514648438,0.0030312441695068667,9,16
test-030.jpg,35,11.34000015258789,0.3573721945285797,1942.775146484375,3194.587646484375,523.5911254882812,0.0036411681810955814,9,16
test-030.jpg,36,11.34000015258789,2.0501887798309326,1829.1414794921875,2003.212158203125,522.7275390625,0.006175304782390854,9,16
test-030.jpg,37,3.7799999713897705,0.20442813634872437,1742.79052734375,2247.37646484375,521.3645629882812,0.005222083820911862,9,16
test-030.jpg,38,3.7799999713897705,3.278461456298828,1809.8482666015625,1708.344482421875,517.2271728515625,0.005295547397435807,3,16
test-030.jpg,39,11.34000015258789,2.3778128623962402,1810.54296875,1708.249755859375,517.0739135742188,0.005308926853473592,3,16
test-030.jpg,40,3.7799999713897705,0.16328659653663635,1343.669921875,2277.75146484375,516.7107543945312,0.005039374876117039,0,16
test-030.jpg,41,3.7799999713897705,0.22301402688026428,1808.57470703125,1575.894287109375,516.6675415039062,0.0,-1,16
test-030.jpg,42,11.34000015258789,0.17951811850070953,1824.5654296875,2008.2030029296875,515.8980102539062,0.006169734867740344,9,16
test-030.jpg,43,3.7799999713897705,0.18413382768630981,1346.0860595703125,2197.34130859375,511.768310546875,0.0040674616589896125,0,16
test-030.jpg,44,3.7799999713897705,3.144561529159546,1825.996826171875,1547.5882568359375,509.746826171875,0.0,-1,16
test-030.jpg,45,11.34000015258789,0.19495972990989685,1880.6156005859375,1888.4364013671875,507.8182678222656,0.0048044510039978875,3,16
test-030.jpg,46,11.34000015258789,0.3126131594181061,1851.9195556640625,2085.39208984375,507.4284362792969,0.005853422641941918,9,16
test-030.jpg,47,7.559999942779541,0.3389517068862915,1741.1485595703125,2553.825927734375,502.35516357421875,0.004556669886719498,9,16
test-030.jpg,48,11.34000015258789,0.17430120706558228,1845.4425048828125,1941.696044921875,496.2345886230469,0.0055021476487754056,9,16
test-030.jpg,49,3.7799999713897705,3.9887406826019287,1757.3056640625,2277.915771484375,487.0013427734375,0.005633761267910072,9,16
test-030.jpg,50,11.34000015258789,0.17864935100078583,1780.2099609375,1862.3494873046875,485.6318664550781,0.005148244959681878,3,16
test-031.jpg,1,4.335000038146973,0.21120445430278778,3110.267822265625,914.2099609375,828.1824951171875,0.0,-1,16
test-031.jpg,2,4.335000038146973,0.21594083309173584,2722.17626953125,3708.50146484375,810.19287109375,0.006146133530663693,2,16
test-031.jpg,3,4.335000038146973,0.19252853095531464,3242.205810546875,3459.769287109375,800.0498657226562,0.0055298933911530086,2,16
test-031.jpg,4,4.335000038146973,0.18316097557544708,2995.75244140625,0.0,788.777099609375,0.0,-1,16
test-031.jpg,5,4.335000038146973,0.19443705677986145,3045.472900390625,1297.3546142578125,777.6937255859375,0.0,-1,16
test-031.jpg,6,4.335000038146973,0.17890389263629913,3162.89404296875,1465.5933837890625,765.0422973632812,0.0,-1,16
test-031.jpg,7,4.335000038146973,0.20864753425121307,3157.0009765625,344.5304870605469,749.8190307617188,0.0,-1,16
test-031.jpg,8,4.335000038146973,0.18800538778305054,2946.1123046875,1340.3411865234375,745.647216796875,0.0,-1,16
test-031.jpg,9,4.335000038146973,0.1919945925474167,2977.861572265625,665.8693237304688,728.0706787109375,0.0,-1,16
test-031.jpg,10,4.335000038146973,0.22936560213565826,2970.884521484375,1496.71630859375,717.3690185546875,0.0,-1,16
test-031.jpg,11,4.335000038146973,0.23599402606487274,3032.996826171875,248.3256378173828,716.6195068359375,0.0,-1,16
test-031.jpg,12,4.335000038146973,0.32144495844841003,3007.05859375,311.2223815917969,713.0716552734375,0.0,-1,16
test-031.jpg,13,4.335000038146973,0.19085904955863953,2958.776123046875,2538.301513671875,701.8317260742188,0.008260633503238472,2,16
test-031.jpg,14,4.335000038146973,0.2025628238916397,2880.77978515625,2484.28173828125,696.8432006835938,0.008669175007043079,2,16
test-031.jpg,15,13.005000114440918,0.2767166793346405,2913.08056640625,2754.58251953125,695.9874877929688,0.007754928086620287,2,16
test-031.jpg,16,4.335000038146973,0.18815208971500397,2881.715576171875,1974.5235595703125,687.79638671875,0.0,-1,16
test-031.jpg,17,13.005000114440918,0.1906975358724594,2766.12890625,2910.85546875,683.9837646484375,0.007730032132516129,2,16
test-031.jpg,18,4.335000038146973,0.19312351942062378,2891.942626953125,2653.2763671875,683.2474365234375,0.008085561584721753,2,16
test-031.jpg,19,4.335000038146973,0.1991366297006607,2859.263916015625,897.0468139648438,678.1755981445312,0.0,-1,16
test-031.jpg,20,8.670000076293945,0.21530334651470184,2068.38134765625,4114.82275390625,669.1072998046875,0.007309109638152352,2,16
test-031.jpg,21,13.005000114440918,0.4651157259941101,2741.548828125,2162.70947265625,659.7706909179688,0.005424737535340641,2,16
test-031.jpg,22,8.670000076293945,0.27668121457099915,2741.08251953125,2158.87353515625,657.4638061523438,0.005310408814635073,2,16
test-031.jpg,23,4.335000038146973,0.2185329794883728,2617.5791015625,536.6220092773438,656.8632202148438,0.0,-1,16
test-031.jpg,24,8.670000076293945,0.20157398283481598,2127.605712890625,4152.5341796875,652.113037109375,0.007040270274597718,2,16
test-031.jpg,25,0.0,0.2002653181552887,2417.102294921875,4221.3916015625,646.0501708984375,0.006071125037425325,2,16
test-031.jpg,26,4.335000038146973,0.18973742425441742,2648.98681640625,831.5103759765625,643.0267944335938,0.0,-1,16
test-031.jpg,27,4.335000038146973,0.30691465735435486,2630.34619140625,983.6075439453125,637.5441284179688,0.0,-1,16
test-031.jpg,28,0.0,0.1847255676984787,2071.360595703125,3905.060302734375,636.0413818359375,0.007658369842248131,2,16
test-031.jpg,29,4.335000038146973,0.258967787027359,2659.662353515625,2197.2099609375,634.5142211914062,0.0065401516259290535,2,16
test-031.jpg,30,13.005000114440918,0.18682141602039337,2656.087890625,2191.19873046875,632.6853637695312,0.006402868880634889,2,16
test-031.jpg,31,4.335000038146973,0.18868812918663025,2575.368408203125,880.275146484375,619.1405639648438,0.0,-1,16
test-031.jpg,32,4.335000038146973,0.18923310935497284,2557.9775390625,862.804443359375,618.2006225585938,0.0,-1,16
test-031.jpg,33,8.670000076293945,0.337973952293396,2508.364990234375,4140.7705078125,617.710205078125,0.005985032513136687,2,16
test-031.jpg,34,13.005000114440918,0.21759718656539917,2433.18017578125,2652.56298828125,613.3703002929688,0.009649890084547657,2,16
test-031.jpg,35,13.005000114440918,0.2174624651670456,2450.6474609375,2865.124267578125,613.3325805664062,0.008869900357053682,2,16
test-031.jpg,36,8.670000076293945,0.4196489751338959,2469.093994140625,2831.280029296875,611.744140625,0.008893461767658402,2,16
test-031.jpg,37,13.005000114440918,0.20097868144512177,2455.421142578125,2777.556396484375,611.3087768554688,0.009131626183359092,2,16
test-031.jpg,38,4.335000038146973,0.1945696920156479,2564.732177734375,571.4195556640625,611.1183471679688,0.0,-1,16
test-031.jpg,39,13.005000114440918,0.22803360223770142,2073.78564453125,3733.94921875,609.0037841796875,0.008050550815308725,2,16
test-031.jpg,40,0.0,0.1942375749349594,1918.7821044921875,3701.425048828125,607.3333740234375,0.008722227659762476,2,16
test-031.jpg,41,13.005000114440918,0.2044849544763565,2086.579833984375,3762.630859375,604.9945068359375,0.007939835830635768,2,16
test-031.jpg,42,4.335000038146973,0.20967791974544525,2478.02783203125,630.7763671875,600.4723510742188,0.0,-1,16
test-031.jpg,43,4.335000038146973,0.20928947627544403,2447.1328125,1489.6485595703125,600.0282592773438,0.0,-1,16
test-031.jpg,44,4.335000038146973,0.18150533735752106,2479.7138671875,797.1502685546875,597.9114379882812,0.0,-1,16
test-031.jpg,45,4.335000038146973,1.4489699602127075,2423.60400390625,2557.8203125,591.5106201171875,0.010015926864030907,2,16
test-031.jpg,46,4.335000038146973,0.19301007688045502,2341.041259765625,1656.09130859375,569.7286376953125,0.0,-1,16
test-031.jpg,47,8.670000076293945,0.206650510430336,2399.52880859375,3524.236083984375,559.9369506835938,0.007352004927273454,2,16
test-031.jpg,48,13.005000114440918,1.9268420934677124,2398.539794921875,3523.84814453125,559.2434692382812,0.007372823603020026,2,16
test-031.jpg,49,13.005000114440918,1.0150929689407349,2359.469970703125,3109.006103515625,550.6209716796875,0.008493866231399565,2,16
test-031.jpg,50,8.670000076293945,0.20039939880371094,2334.270263671875,3105.830322265625,546.7786254882812,0.008576586572404012,2,16
test-032.jpg,1,4.335000038146973,0.20573019981384277,3232.55126953125,0.0,817.94775390625,0.0,-1,17
test-032.jpg,2,4.335000038146973,0.2315525859594345,3198.411376953125,0.0,808.37646484375,0.0,-1,17
test-032.jpg,3,4.335000038146973,0.18799099326133728,3031.556884765625,0.0,803.5311889648438,0.0,-1,17
test-032.jpg,4,13.005000114440918,0.18737147748470306,2991.35302734375,2740.003173828125,747.0341796875,0.01035398306066568,11,17
test-032.jpg,5,13.005000114440918,0.19643855094909668,3062.615966796875,2333.466796875,745.9046630859375,0.011873937442595092,11,17
test-032.jpg,6,13.005000114440918,0.20927688479423523,3005.621337890625,2340.243408203125,744.396240234375,0.012065102796540593,11,17
test-032.jpg,7,0.0,0.23048236966133118,3071.22314453125,1707.44580078125,743.3369750976562,0.008950573914784465,2,17
test-032.jpg,8,8.670000076293945,0.18971127271652222,3134.1279296875,2571.17529296875,740.1564331054688,0.010514556585601471,11,17
test-032.jpg,9,8.670000076293945,0.21109159290790558,3127.26123046875,2533.33203125,735.09228515625,0.010695223950754236,11,17
test-032.jpg,10,13.005000114440918,0.20209555327892303,3132.112060546875,2566.811279296875,733.0414428710938,0.010553930633526418,11,17
test-032.jpg,11,0.0,0.19761599600315094,2468.09521484375,3257.593994140625,732.9492797851562,0.01050925044818164,11,17
test-032.jpg,12,13.005000114440918,0.2278193086385727,3033.7568359375,1931.9244384765625,725.364013671875,0.009117581102468804,11,17
test-032.jpg,13,13.005000114440918,0.31805872917175293,2984.154541015625,2183.35205078125,718.7002563476562,0.0130262452967861,11,17
test-032.jpg,14,0.0,0.22824427485466003,2929.56884765625,2586.255859375,712.6949462890625,0.011152375767107467,11,17
test-032.jpg,15,13.005000114440918,0.2758846879005432,2852.76513671875,673.4259033203125,689.1007080078125,0.0,-1,17
test-032.jpg,16,4.335000038146973,0.1928894966840744,2901.375244140625,32.97898864746094,687.6268920898438,0.0,-1,17
test-032.jpg,17,8.670000076293945,0.2566223442554474,2861.036865234375,3285.408935546875,678.4178466796875,0.00901661172219261,11,17
test-032.jpg,18,4.335000038146973,0.18872974812984467,2856.115234375,991.4555053710938,678.3524780273438,0.0,-1,17
test-032.jpg,19,4.335000038146973,0.2276708483695984,2674.75,847.9356689453125,675.7284545898438,0.0,-1,17
test-032.jpg,20,13.005000114440918,0.20218363404273987,2714.59619140625,928.7996826171875,660.0808715820312,0.0,-1,17
test-032.jpg,21,13.005000114440918,0.26664412021636963,2754.654296875,2273.8388671875,655.781982421875,0.013554503248117232,11,17
test-032.jpg,22,0.0,0.20290495455265045,2719.978759765625,1369.891845703125,653.8466186523438,0.012596882905845888,2,17
test-032.jpg,23,0.0,0.2157593071460724,2332.1552734375,2380.51171875,647.5225830078125,0.015220041604496486,11,17
test-032.jpg,24,4.335000038146973,0.18476079404354095,2701.77587890625,935.5641479492188,644.560791015625,0.0,-1,17
test-032.jpg,25,8.670000076293945,0.2289917767047882,2399.792236328125,2341.404052734375,638.3097534179688,0.015092757483803851,11,17
test-032.jpg,26,8.670000076293945,0.19713695347309113,2657.97119140625,1689.603271484375,631.4722290039062,0.010485403618624699,2,17
test-032.jpg,27,4.335000038146973,0.1952398121356964,2637.515625,1507.3477783203125,628.8868408203125,0.011825314340170449,2,17
test-032.jpg,28,13.005000114440918,0.2491230070590973,2656.621337890625,1671.80126953125,628.6446533203125,0.010620187821033725,2,17
test-032.jpg,29,4.335000038146973,0.21791362762451172,2645.987060546875,1567.127685546875,628.52099609375,0.011337856352917338,2,17
test-032.jpg,30,4.335000038146973,0.22597254812717438,2613.403564453125,1402.650390625,628.3693237304688,0.012825833483718383,2,17
test-032.jpg,31,13.005000114440918,0.31387656927108765,2531.484130859375,2509.693603515625,627.7107543945312,0.013369018356391309,11,17
test-032.jpg,32,8.670000076293945,0.2415059357881546,2509.672119140625,2525.1162109375,627.338134765625,0.01337982305216982,11,17
test-032.jpg,33,8.670000076293945,0.2160756140947342,2602.61865234375,2167.569091796875,621.075927734375,0.015028416812422021,11,17
test-032.jpg,34,4.335000038146973,0.2621399164199829,2566.1435546875,616.7359619140625,620.6712646484375,0.0,-1,17
test-032.jpg,35,4.335000038146973,0.22636841237545013,2541.5947265625,1651.3123779296875,614.9842529296875,0.011202525231527894,2,17
test-032.jpg,36,4.335000038146973,0.4132479131221771,2565.690185546875,1463.9698486328125,614.9642944335938,0.012519045700193842,2,17
test-032.jpg,37,0.0,0.2084837257862091,2421.3525390625,2774.028076171875,604.6904907226562,0.012579634535488162,11,17
test-032.jpg,38,4.335000038146973,0.20444385707378387,2459.715576171875,1108.356689453125,598.8062133789062,0.0,-1,17
test-032.jpg,39,4.335000038146973,0.2326393574476242,2493.433837890625,966.5691528320312,595.954833984375,0.0,-1,17
test-032.jpg,40,4.335000038146973,0.31836047768592834,2485.0634765625,932.4771728515625,592.8490600585938,0.0,-1,17
test-032.jpg,41,8.670000076293945,0.2724481225013733,2437.935546875,2581.941162109375,579.2092895507812,0.013471897147518662,11,17
test-032.jpg,42,13.005000114440918,2.482208013534546,2192.62353515625,2265.135009765625,546.167724609375,0.017131912633779788,11,17
test-032.jpg,43,4.335000038146973,4.6235880851745605,2191.39453125,2268.927001953125,546.0813598632812,0.01706117883116719,11,17
test-032.jpg,44,4.335000038146973,0.22938166558742523,2265.191162109375,762.0576782226562,540.0326538085938,0.0,-1,17
test-032.jpg,45,4.335000038146973,0.6888625025749207,2264.99072265625,696.5719604492188,539.5042114257812,0.0,-1,17
test-032.jpg,46,13.005000114440918,0.18460558354854584,2258.85107421875,622.835205078125,539.4779663085938,0.0,-1,17
test-032.jpg,47,4.335000038146973,0.20235294103622437,2229.248291015625,384.0025634765625,538.466552734375,0.0,-1,17
test-032.jpg,48,4.335000038146973,0.43438252806663513,2188.807373046875,691.370361328125,524.3065185546875,0.0,-1,17
test-032.jpg,49,4.335000038146973,0.18555057048797607,2187.60009765625,372.1256408691406,521.25146484375,0.0,-1,17
test-032.jpg,50,4.335000038146973,0.4245931804180145,2174.43408203125,459.1308898925781,517.366943359375,0.0,-1,17
test-033.jpg,1,11.520000457763672,0.6256237626075745,2515.172607421875,1375.2872314453125,681.6820068359375,0.004774451647287912,66,90
test-033.jpg,2,3.8399999141693115,4.255896091461182,2303.077392578125,2117.61767578125,641.10400390625,0.0039867297562773555,51,90
test-033.jpg,3,3.8399999141693115,2.192615032196045,2296.5888671875,1954.210205078125,638.8840942382812,0.004202895395507929,24,90
test-033.jpg,4,3.8399999141693115,3.1766655445098877,2303.824462890625,1937.6832275390625,636.2655639648438,0.004227598022474541,24,90
test-033.jpg,5,11.520000457763672,0.5755654573440552,2346.584716796875,1351.8426513671875,635.712890625,0.00470352054284988,5,90
test-033.jpg,6,3.8399999141693115,4.605909824371338,2299.262939453125,2208.546875,631.0968017578125,0.0038292329347654136,51,90
test-033.jpg,7,11.520000457763672,1.1512227058410645,2296.362548828125,1624.1904296875,628.3179931640625,0.005072283357636929,24,90
test-033.jpg,8,3.8399999141693115,2.443504571914673,2279.041015625,1635.0406494140625,627.4404907226562,0.0050639567750186566,24,90
test-033.jpg,9,3.8399999141693115,2.2366347312927246,2233.63427734375,1650.09033203125,611.9132080078125,0.005119238321915548,24,90
test-033.jpg,10,3.8399999141693115,4.140524387359619,2228.626220703125,1664.0994873046875,607.55029296875,0.005093345745068613,24,90
test-033.jpg,11,3.8399999141693115,4.574914932250977,2217.082275390625,2441.809814453125,602.6954956054688,0.003591270473952155,51,90
test-033.jpg,12,11.520000457763672,1.9807310104370117,2180.7080078125,2609.444580078125,590.0924072265625,0.0050791366988234355,60,90
test-033.jpg,13,11.520000457763672,0.8995473384857178,2173.570556640625,2144.13427734375,587.38671875,0.004180602511886891,51,90
test-033.jpg,14,3.8399999141693115,4.438873767852783,2174.4873046875,1783.2216796875,587.0586547851562,0.0048716559476533,24,90
test-033.jpg,15,3.8399999141693115,4.559552192687988,2141.9169921875,1438.8035888671875,582.5904541015625,0.005618087127492971,66,90
test-033.jpg,16,3.8399999141693115,1.0493220090866089,2128.075927734375,1414.9072265625,580.5054931640625,0.005736227258855453,66,90
test-033.jpg,17,3.8399999141693115,1.2231085300445557,2108.848876953125,1386.4090576171875,580.1962890625,0.005908440330080961,66,90
test-033.jpg,18,3.8399999141693115,4.379708766937256,2100.193603515625,1371.4605712890625,579.5020141601562,0.005575036891577188,66,90
test-033.jpg,19,3.8399999141693115,4.2972307205200195,2073.35693359375,2530.536865234375,573.58642578125,0.0040925628518870315,60,90
test-033.jpg,20,11.520000457763672,1.5335785150527954,2073.602783203125,2531.21923828125,573.3154296875,0.004123745566140218,60,90
test-033.jpg,21,3.8399999141693115,4.101360321044922,2074.863525390625,2059.515380859375,573.201904296875,0.004550824772472912,51,90
test-033.jpg,22,0.0,0.7556492686271667,2075.29931640625,2059.96826171875,572.9439697265625,0.004533071067407139,51,90
test-033.jpg,23,7.679999828338623,0.5696441531181335,2088.769775390625,1123.1180419921875,570.0311279296875,0.005762536594167383,15,90
test-033.jpg,24,3.8399999141693115,4.278079032897949,2088.885986328125,1124.4168701171875,569.9956665039062,0.005763975297677142,15,90
test-033.jpg,25,3.8399999141693115,4.412546157836914,2078.04248046875,2187.10693359375,563.4637451171875,0.004278882683626848,51,90
test-033.jpg,26,3.8399999141693115,4.068027973175049,1988.3447265625,1080.77783203125,549.5632934570312,0.003840754618477483,15,90
test-033.jpg,27,3.8399999141693115,4.315779209136963,1977.809814453125,1738.700927734375,547.6741943359375,0.005494178211374311,24,90
test-033.jpg,28,3.8399999141693115,2.239607572555542,1991.2769775390625,1625.5206298828125,544.3623046875,0.005830445206411262,24,90
test-033.jpg,29,11.520000457763672,0.965106189250946,1921.84716796875,2116.52978515625,535.8712158203125,0.004793363900906888,51,90
test-033.jpg,30,3.8399999141693115,1.2515984773635864,1784.0858154296875,2404.92529296875,533.4359741210938,0.004527088411625297,51,90
test-033.jpg,31,3.8399999141693115,1.2463434934616089,1870.2666015625,2073.590576171875,532.6375732421875,0.005008430456798187,51,90
test-033.jpg,32,3.8399999141693115,4.2679762840271,1874.09716796875,2398.186279296875,530.9124145507812,0.004326769974293824,51,90
test-033.jpg,33,11.520000457763672,1.0032333135604858,1869.702880859375,2398.888671875,529.3251953125,0.004347680039759218,51,90
test-033.jpg,34,3.8399999141693115,0.8000436425209045,1743.444091796875,2415.2734375,524.318115234375,0.004612130803917061,51,90
test-033.jpg,35,3.8399999141693115,4.596902370452881,1892.8087158203125,1892.9837646484375,522.7581787109375,0.00527318562855436,24,90
test-033.jpg,36,3.8399999141693115,0.5597030520439148,1744.6590576171875,1881.5118408203125,522.4049682617188,0.005744568577197557,24,90
test-033.jpg,37,3.8399999141693115,0.628796398639679,1749.5072021484375,1839.4410400390625,520.5675048828125,0.005859896647352097,24,90
test-033.jpg,38,11.520000457763672,0.8430954217910767,1855.5738525390625,1016.0764770507812,516.9046020507812,0.001404386006197653,4,90
test-033.jpg,39,3.8399999141693115,0.6162792444229126,1734.8240966796875,2446.639404296875,513.37060546875,0.0045753131489681504,51,90
test-033.jpg,40,3.8399999141693115,0.9770969152450562,1831.9661865234375,2436.73388671875,509.7323303222656,0.00435045187552499,51,90
test-033.jpg,41,11.520000457763672,1.3359119892120361,1790.1278076171875,2481.144775390625,505.01177978515625,0.004392138819546238,51,90
test-033.jpg,42,0.0,0.8409422039985657,1794.52783203125,1425.6583251953125,501.36480712890625,0.006737913941941141,66,90
test-033.jpg,43,11.520000457763672,1.137173056602478,1795.0810546875,1426.4527587890625,501.2317199707031,0.006776974451548396,66,90
test-033.jpg,44,11.520000457763672,1.527219533920288,1836.1868896484375,2573.2177734375,500.5416259765625,0.004466935658867433,43,90
test-033.jpg,45,0.0,0.5557866096496582,1783.3062744140625,1590.41162109375,498.6907043457031,0.00663445286492487,24,90
test-033.jpg,46,11.520000457763672,1.4445664882659912,1782.3953857421875,1589.9984130859375,498.515869140625,0.006686500072086958,24,90
test-033.jpg,47,11.520000457763672,1.768020510673523,1804.2794189453125,1830.0093994140625,497.9039001464844,0.005738960671339553,24,90
test-033.jpg,48,3.8399999141693115,0.6330470442771912,1587.02490234375,1665.675048828125,485.26519775390625,0.0071356240816706235,24,90
test-033.jpg,49,3.8399999141693115,0.6273807287216187,1667.1654052734375,2489.859130859375,484.7729797363281,0.0046787722744190425,51,90
test-033.jpg,50,3.8399999141693115,4.2036542892456055,1733.8277587890625,2405.166015625,482.83148193359375,0.004663866154130271,51,90
test-034.jpg,1,11.34000015258789,0.16676408052444458,2013.2392578125,0.0,1035.4163818359375,0.0,-1,16
test-034.jpg,2,7.559999942779541,0.16549526154994965,2013.2392578125,0.0,1035.4163818359375,0.0,-1,16
test-034.jpg,3,3.7799999713897705,0.16658180952072144,2013.2392578125,0.0,1035.4163818359375,0.0,-1,16
test-034.jpg,4,0.0,0.1661357879638672,2013.2392578125,0.0,1035.4163818359375,0.0,-1,16
test-034.jpg,5,11.34000015258789,0.13553331792354584,2015.4593505859375,2685.495361328125,1034.8009033203125,0.003691156850630961,0,16
test-034.jpg,6,7.559999942779541,0.13589899241924286,2555.84619140625,3410.8994140625,904.763671875,0.002285539649400548,0,16
test-034.jpg,7,7.559999942779541,0.13087637722492218,2595.89111328125,0.0,880.621826171875,0.0,-1,16
test-034.jpg,8,3.7799999713897705,0.13296683132648468,2595.89111328125,0.0,880.621826171875,0.0,-1,16
test-034.jpg,9,7.559999942779541,0.12589609622955322,2824.17578125,0.0,838.5557250976562,0.0,-1,16
test-034.jpg,10,3.7799999713897705,0.12517568469047546,2635.23583984375,1976.49365234375,833.660888671875,0.0038196587530444004,0,16
test-034.jpg,11,3.7799999713897705,0.12132444232702255,2648.048828125,1288.9019775390625,826.0487670898438,0.0,-1,16
test-034.jpg,12,3.7799999713897705,0.12072471529245377,2389.549560546875,2909.924560546875,825.925537109375,0.0028615172224273375,0,16
test-034.jpg,13,3.7799999713897705,0.1508193463087082,2423.654052734375,2761.31103515625,821.1732788085938,0.002973063597023821,0,16
test-034.jpg,14,11.34000015258789,0.20608720183372498,2460.92822265625,127.47352600097656,807.7466430664062,0.0,-1,16
test-034.jpg,15,7.559999942779541,0.11965511739253998,2729.3056640625,0.0,806.3719482421875,0.0,-1,16
test-034.jpg,16,3.7799999713897705,0.1687360405921936,2538.54345703125,2805.7998046875,804.6338500976562,0.0027933192214364836,0,16
test-034.jpg,17,11.34000015258789,0.20372092723846436,2511.226806640625,7.7509918212890625,802.4154663085938,0.0,-1,16
test-034.jpg,18,7.559999942779541,0.12556441128253937,2521.303955078125,76.89859008789062,802.328125,0.0,-1,16
test-034.jpg,19,11.34000015258789,0.12733037769794464,2798.451904296875,1.380893588066101,800.0814208984375,0.0,-1,16
test-034.jpg,20,11.34000015258789,0.14690613746643066,2603.673583984375,47.07963943481445,799.4706420898438,0.0,-1,16
test-034.jpg,21,11.34000015258789,0.1321742981672287,2801.832275390625,710.6038818359375,750.964599609375,0.0,-1,16
test-034.jpg,22,11.34000015258789,0.12449649721384048,2528.440185546875,194.3463897705078,735.466552734375,0.0,-1,16
test-034.jpg,23,7.559999942779541,0.1301853060722351,2565.98779296875,194.02423095703125,727.1618041992188,0.0,-1,16
test-034.jpg,24,7.559999942779541,0.18065375089645386,2547.065673828125,192.51344299316406,695.305908203125,0.0,-1,16
test-034.jpg,25,7.559999942779541,0.1519036889076233,2590.268310546875,2850.51123046875,694.3368530273438,0.0026984451647253703,0,16
test-034.jpg,26,7.559999942779541,0.1463325023651123,2332.67724609375,2929.62109375,626.0761108398438,0.002916446078054415,0,16
test-034.jpg,27,11.34000015258789,0.36878010630607605,2337.457763671875,2911.5185546875,625.2354125976562,0.00293354207602195,0,16
test-034.jpg,28,3.7799999713897705,0.12399888783693314,2271.08740234375,3680.294921875,621.8867797851562,0.0023807301601572943,0,16
test-034.jpg,29,3.7799999713897705,0.17133459448814392,2163.52685546875,3271.34521484375,601.3525390625,0.002811784867013599,0,16
test-034.jpg,30,3.7799999713897705,0.19229495525360107,2124.916748046875,3443.260498046875,600.0042724609375,0.002720033643051332,0,16
test-034.jpg,31,7.559999942779541,0.13825440406799316,2148.509765625,1288.49560546875,582.1793212890625,0.0,-1,16
test-034.jpg,32,11.34000015258789,0.5477035641670227,2152.468994140625,1290.848876953125,580.1363525390625,0.0,-1,16
test-034.jpg,33,3.7799999713897705,0.13493408262729645,1919.4288330078125,1866.798095703125,556.3292846679688,0.005555289719428956,0,16
test-034.jpg,34,7.559999942779541,0.4109974503517151,1980.5804443359375,1595.68603515625,554.2310180664062,0.005473214876532763,3,16
test-034.jpg,35,11.34000015258789,3.1682965755462646,1953.924072265625,1895.1884765625,546.1351318359375,0.00540484173828161,0,16
test-034.jpg,36,11.34000015258789,0.12228108197450638,1692.9600830078125,1448.5675048828125,543.9668579101562,0.0018164990223620216,3,16
test-034.jpg,37,11.34000015258789,0.1943443864583969,2023.770751953125,469.72216796875,543.4006958007812,0.0,-1,16
test-034.jpg,38,11.34000015258789,0.11997951567173004,1761.546875,1673.6429443359375,542.8512573242188,0.006782151824985444,0,16
test-034.jpg,39,3.7799999713897705,0.1263790726661682,1877.985107421875,2038.8487548828125,541.8536376953125,0.0051989227316609175,0,16
test-034.jpg,40,11.34000015258789,0.12257304042577744,1682.7747802734375,2096.864013671875,537.2862548828125,0.0056683186380011505,0,16
test-034.jpg,41,3.7799999713897705,3.5904531478881836,1898.9354248046875,2125.81884765625,533.9921875,0.004939143173985474,0,16
test-034.jpg,42,11.34000015258789,0.11977282911539078,1862.0869140625,1592.7750244140625,522.9326171875,0.005844412243188208,3,16
test-034.jpg,43,3.7799999713897705,0.11999771744012833,1606.949951171875,2129.250244140625,521.0076904296875,0.005819782787026829,0,16
test-034.jpg,44,3.7799999713897705,0.17014752328395844,1632.7327880859375,1693.3538818359375,516.455810546875,0.007202379222839326,0,16
test-034.jpg,45,3.7799999713897705,0.13125121593475342,1865.5130615234375,3616.941650390625,514.705322265625,0.0029501589480518064,0,16
test-034.jpg,46,3.7799999713897705,0.12138346582651138,1740.955810546875,1393.2325439453125,510.25506591796875,0.0,-1,16
test-034.jpg,47,3.7799999713897705,0.1216621920466423,1569.4080810546875,3552.125244140625,502.3689270019531,0.0035721243772224485,0,16
test-034.jpg,48,3.7799999713897705,0.13734619319438934,1675.3406982421875,2341.94384765625,501.4461364746094,0.0050747588608672685,0,16
test-034.jpg,49,3.7799999713897705,2.136207342147827,1768.1573486328125,1469.7801513671875,498.4018249511719,0.002583657356225541,3,16
test-034.jpg,50,7.559999942779541,0.4102174937725067,1767.91552734375,1469.424072265625,498.0578918457031,0.0025724196192087934,3,16
test-035.jpg,1,15.359999656677246,1.9580971002578735,3875.05029296875,236.10928344726562,768.0676879882812,0.028813244178089243,10,77
test-035.jpg,2,15.359999656677246,1.093982219696045,3828.695068359375,1217.93798828125,766.059326171875,0.007502639002535921,12,77
test-035.jpg,3,15.359999656677246,0.5917486548423767,3743.8017578125,1261.1043701171875,743.7140502929688,0.007407631383893141,12,77
test-035.jpg,4,10.239999771118164,0.6031750440597534,3188.80908203125,1535.644287109375,662.8250732421875,0.0071351360559399,12,77
test-035.jpg,5,15.359999656677246,1.5133930444717407,3157.016357421875,1365.42822265625,644.2091064453125,0.008124712358673885,12,77
test-035.jpg,6,5.119999885559082,3.2495436668395996,2956.824462890625,1259.5902099609375,604.64990234375,0.009388011986400246,12,77
test-035.jpg,7,15.359999656677246,1.2389737367630005,2957.2099609375,1259.7489013671875,604.4847412109375,0.009403223525288346,12,77
test-035.jpg,8,0.0,0.8877976536750793,2890.6982421875,1482.7308349609375,591.3038330078125,0.008127349998476446,12,77
test-035.jpg,9,5.119999885559082,2.501962423324585,2895.09814453125,691.2731323242188,588.6979370117188,0.01402538475705141,62,77
test-035.jpg,10,10.239999771118164,1.2731177806854248,2845.847900390625,2885.9853515625,586.9309692382812,0.004742593343374321,28,77
test-035.jpg,11,0.0,0.7674145102500916,2848.0068359375,2886.98193359375,586.7064819335938,0.004719488443758665,28,77
test-035.jpg,12,15.359999656677246,0.6637586951255798,2950.5009765625,2399.302978515625,582.8898315429688,0.005510241907399727,28,77
test-035.jpg,13,15.359999656677246,1.197853684425354,2781.680419921875,819.8451538085938,569.5672607421875,0.0123277831515861,62,77
test-035.jpg,14,0.0,0.76453697681427,2672.35693359375,1555.63330078125,550.2716064453125,0.00837848934577799,12,77
test-035.jpg,15,15.359999656677246,2.0823118686676025,2672.68408203125,1555.5941162109375,550.0245361328125,0.008433247456412489,12,77
test-035.jpg,16,15.359999656677246,2.737964630126953,2580.302734375,1921.1622314453125,546.5685424804688,0.0070750838658135105,12,77
test-035.jpg,17,15.359999656677246,1.298869252204895,2711.58056640625,2484.216552734375,536.2072143554688,0.005794911699202289,28,77
test-035.jpg,18,5.119999885559082,2.325911521911621,2586.3466796875,2212.25244140625,532.7978515625,0.006103092384008731,12,77
test-035.jpg,19,15.359999656677246,2.254300832748413,2586.583984375,2213.083740234375,532.7822875976562,0.006124332699584931,12,77
test-035.jpg,20,0.0,3.0741097927093506,2577.8837890625,545.086669921875,531.9738159179688,0.018636669081104604,10,77
test-035.jpg,21,15.359999656677246,1.4236196279525757,2539.530517578125,1070.75146484375,524.5328979492188,0.01289805899682367,12,77
test-035.jpg,22,15.359999656677246,1.3215219974517822,2481.255615234375,881.2782592773438,522.0540771484375,0.012866140621070004,62,77
test-035.jpg,23,5.119999885559082,3.0244054794311523,2458.330078125,1718.9052734375,511.9810791015625,0.008270505464146531,12,77
test-035.jpg,24,0.0,0.9982041716575623,2370.0322265625,2041.815673828125,499.8409423828125,0.007197729319292769,12,77
test-035.jpg,25,15.359999656677246,0.9421947002410889,2290.435546875,829.4707641601562,483.838623046875,0.014810884386975743,62,77
test-035.jpg,26,10.239999771118164,0.7170758247375488,2288.57666015625,830.5872802734375,483.74627685546875,0.014765774528571949,62,77
test-035.jpg,27,0.0,0.8129032254219055,2328.6376953125,1865.936279296875,481.69915771484375,0.0080157550318061,12,77
test-035.jpg,28,15.359999656677246,1.5579111576080322,2345.364501953125,985.76904296875,481.2069091796875,0.01441645115423263,12,77
test-035.jpg,29,10.239999771118164,0.565909206867218,2273.548583984375,2166.09375,473.04852294921875,0.007103074713814913,12,77
test-035.jpg,30,15.359999656677246,1.8842049837112427,2272.518798828125,2165.571533203125,471.43853759765625,0.007128486132093285,12,77
test-035.jpg,31,5.119999885559082,2.241811513900757,2273.159912109375,2166.693115234375,471.13043212890625,0.007091782583054889,12,77
test-035.jpg,32,0.0,1.4942251443862915,2184.89306640625,1261.283447265625,465.3906555175781,0.012648116291231661,12,77
test-035.jpg,33,0.0,0.8192505836486816,2022.1759033203125,1260.302734375,452.2727355957031,0.013669181725212042,12,77
test-035.jpg,34,0.0,1.369412899017334,2070.194580078125,313.17926025390625,445.0702819824219,0.040340380105207976,10,77
test-035.jpg,35,15.359999656677246,1.525393009185791,2069.246337890625,312.2359619140625,445.0549621582031,0.04080454575984315,10,77
test-035.jpg,36,5.119999885559082,1.8136650323867798,2121.7421875,2071.358154296875,444.72540283203125,0.007947596571222858,12,77
test-035.jpg,37,0.0,0.9009671211242676,2119.8583984375,2072.20849609375,444.3523864746094,0.007928709191831446,12,77
test-035.jpg,38,5.119999885559082,1.7932229042053223,2104.38232421875,1796.5203857421875,441.4791564941406,0.009240357578447992,12,77
test-035.jpg,39,15.359999656677246,1.6456893682479858,2040.9078369140625,1145.0538330078125,439.811279296875,0.015031770607541383,12,77
test-035.jpg,40,0.0,2.404851198196411,2041.203857421875,1144.24755859375,439.68414306640625,0.014936927122511346,12,77
test-035.jpg,41,5.119999885559082,2.587845802307129,2069.37353515625,189.5619659423828,439.4639892578125,0.05153659515781627,10,77
test-035.jpg,42,0.0,0.8004469871520996,2106.2177734375,2209.688720703125,437.38519287109375,0.007483019932363093,12,77
test-035.jpg,43,15.359999656677246,2.8502085208892822,2106.22509765625,2207.28271484375,437.3080749511719,0.007553202102476238,12,77
test-035.jpg,44,15.359999656677246,1.215423822402954,2028.7086181640625,1481.6373291015625,431.88299560546875,0.011680177465180255,12,77
test-035.jpg,45,5.119999885559082,3.1379034519195557,2028.6446533203125,1479.165771484375,431.83160400390625,0.011656035670173226,12,77
test-035.jpg,46,5.119999885559082,1.2520028352737427,2014.8321533203125,1259.1021728515625,430.42376708984375,0.01377181415135826,12,77
test-035.jpg,47,15.359999656677246,2.6837925910949707,1914.0535888671875,2129.79443359375,419.51849365234375,0.008620033641696577,12,77
test-035.jpg,48,10.239999771118164,0.7029873728752136,1908.688720703125,314.795654296875,404.2862243652344,0.04367011261831524,10,77
test-035.jpg,49,5.119999885559082,2.419478416442871,1833.7315673828125,1339.07080078125,403.0967712402344,0.014243421614946215,12,77
test-035.jpg,50,10.239999771118164,0.7400572299957275,1827.5966796875,1338.958740234375,403.0421447753906,0.01431484548354058,12,77
test-036.jpg,1,3.8399999141693115,0.4316447377204895,2427.563232421875,2581.52490234375,676.3308715820312,0.009708983546549461,22,70
test-036.jpg,2,11.520000457763672,4.81627893447876,2416.493408203125,1687.12451171875,667.9487915039062,0.015012210254257223,22,70
test-036.jpg,3,3.8399999141693115,0.6367918848991394,2425.86865234375,1189.8804931640625,665.0064086914062,0.01556876658378837,62,70
test-036.jpg,4,7.679999828338623,0.7693143486976624,2315.517578125,2366.676513671875,633.810546875,0.011123911903537802,22,70
test-036.jpg,5,7.679999828338623,0.3654847741127014,2194.822998046875,756.986328125,627.7025146484375,0.017930001659537204,62,70
test-036.jpg,6,0.0,0.7533823251724243,2195.00048828125,759.1138305664062,627.5929565429688,0.018112078342491712,62,70
test-036.jpg,7,11.520000457763672,4.4602952003479,2194.573974609375,760.2279052734375,627.5307006835938,0.018423613328385123,62,70
test-036.jpg,8,3.8399999141693115,0.7736988663673401,2194.36865234375,761.7542114257812,627.3374633789062,0.018441834425092767,62,70
test-036.jpg,9,11.520000457763672,4.671645641326904,2228.1357421875,2039.5965576171875,624.5449829101562,0.013465475236431242,22,70
test-036.jpg,10,11.520000457763672,4.270926475524902,2179.153564453125,2739.00927734375,609.8970336914062,0.0102461058724053,22,70
test-036.jpg,11,11.520000457763672,4.773334503173828,2137.94189453125,3019.2060546875,598.3557739257812,0.009475572455817729,22,70
test-036.jpg,12,3.8399999141693115,0.554013192653656,2138.551025390625,3020.5693359375,597.8150024414062,0.00942133068471938,22,70
test-036.jpg,13,11.520000457763672,4.824472427368164,2163.5908203125,1249.2794189453125,597.365234375,0.016744362083533894,62,70
test-036.jpg,14,11.520000457763672,2.102376699447632,2171.6123046875,2712.112548828125,596.7579345703125,0.010375696425199251,22,70
test-036.jpg,15,7.679999828338623,1.1476106643676758,2171.232666015625,2710.421630859375,589.7916259765625,0.010361916381486896,22,70
test-036.jpg,16,11.520000457763672,1.1152849197387695,2172.849609375,2712.202392578125,588.8861083984375,0.010365637392105673,22,70
test-036.jpg,17,0.0,0.9627029895782471,2060.82958984375,530.4328002929688,585.3613891601562,0.015857858114052287,10,70
test-036.jpg,18,11.520000457763672,4.370265007019043,2022.469482421875,2431.12548828125,583.7032470703125,0.01244610193432453,22,70
test-036.jpg,19,11.520000457763672,0.4960203170776367,2095.888671875,1674.40380859375,576.0206298828125,0.017408222151293153,22,70
test-036.jpg,20,7.679999828338623,0.5145407319068909,2017.805419921875,1673.9453125,575.5992431640625,0.018056334051153807,22,70
test-036.jpg,21,11.520000457763672,4.25156831741333,1947.4049072265625,1689.373779296875,573.6285400390625,0.01647966288335988,51,70
test-036.jpg,22,11.520000457763672,4.3890862464904785,2022.322265625,2563.462890625,557.4761962890625,0.011803432212509183,22,70
test-036.jpg,23,11.520000457763672,4.655168056488037,2014.4444580078125,2004.868408203125,557.1270751953125,0.015160712769631626,22,70
test-036.jpg,24,7.679999828338623,1.6973932981491089,1919.4632568359375,3282.4677734375,543.1651611328125,0.008571262007377395,51,70
test-036.jpg,25,11.520000457763672,3.914660930633545,1828.435791015625,3244.041015625,542.8507080078125,0.009131928744365426,51,70
test-036.jpg,26,7.679999828338623,1.7508742809295654,1830.8466796875,3245.67822265625,542.5444946289062,0.009089955682444275,51,70
test-036.jpg,27,11.520000457763672,2.807854413986206,1831.417236328125,3242.15283203125,538.1611938476562,0.009119167514036984,51,70
test-036.jpg,28,0.0,1.6385194063186646,1876.889892578125,913.1917724609375,534.703369140625,0.026210994727449363,62,70
test-036.jpg,29,3.8399999141693115,0.7018160223960876,1908.7470703125,2693.21875,531.2504272460938,0.010481586504228224,51,70
test-036.jpg,30,11.520000457763672,4.693863868713379,1877.484375,2207.1201171875,526.8428344726562,0.013081409376995923,51,70
test-036.jpg,31,3.8399999141693115,0.8722074031829834,1867.2451171875,647.093505859375,522.6627197265625,0.0243943541157108,10,70
test-036.jpg,32,7.679999828338623,0.6638426184654236,1903.6173095703125,1373.9287109375,518.1986694335938,0.01722368447885079,62,70
test-036.jpg,33,11.520000457763672,0.5494317412376404,1812.046875,1275.721435546875,518.0714111328125,0.01953151657891008,62,70
test-036.jpg,34,0.0,1.317620873451233,1789.3428955078125,1193.04931640625,516.2212524414062,0.021029661418372435,62,70
test-036.jpg,35,11.520000457763672,3.9371492862701416,1786.7252197265625,1192.548095703125,515.636962890625,0.021252794957755106,62,70
test-036.jpg,36,11.520000457763672,1.667695164680481,1786.1612548828125,1194.3905029296875,508.6656188964844,0.021186257508473295,62,70
test-036.jpg,37,7.679999828338623,0.45482540130615234,1776.00830078125,2424.725830078125,496.84124755859375,0.012540509897823023,51,70
test-036.jpg,38,7.679999828338623,0.39291298389434814,1769.255615234375,2415.347900390625,496.72625732421875,0.012637143868906981,51,70
test-036.jpg,39,7.679999828338623,0.8622724413871765,1774.973388671875,2433.93408203125,496.21746826171875,0.012502465947250019,51,70
test-036.jpg,40,3.8399999141693115,0.5818616151809692,1708.335693359375,2908.69189453125,493.4466857910156,0.010845573379064537,51,70
test-036.jpg,41,11.520000457763672,4.515301704406738,1708.443603515625,2911.69775390625,492.59515380859375,0.010897444880649034,51,70
test-036.jpg,42,3.8399999141693115,0.8177365660667419,1707.9583740234375,1900.5609130859375,479.39471435546875,0.016605983713231603,51,70
test-036.jpg,43,7.679999828338623,0.47246071696281433,1707.188720703125,1899.4468994140625,478.9243469238281,0.016657765486786408,51,70
test-036.jpg,44,0.0,2.7496204376220703,1581.091552734375,457.28485107421875,472.79278564453125,0.0,-1,70
test-036.jpg,45,3.8399999141693115,0.7025961875915527,1559.8797607421875,2362.620361328125,462.1576843261719,0.013692919982187933,51,70
test-036.jpg,46,11.520000457763672,4.483290672302246,1560.166259765625,2364.755859375,460.6283264160156,0.013786865954010926,51,70
test-036.jpg,47,11.520000457763672,4.599802494049072,1568.734619140625,1601.0093994140625,457.6582336425781,0.021106452946685637,51,70
test-036.jpg,48,11.520000457763672,4.334247589111328,1586.602783203125,1251.7523193359375,446.0662536621094,0.022823851244473423,62,70
test-036.jpg,49,7.679999828338623,0.6073735952377319,1586.593017578125,1251.9185791015625,445.9923095703125,0.022697645292907378,62,70
test-036.jpg,50,7.679999828338623,0.6755109429359436,1492.0738525390625,2088.932373046875,434.1335144042969,0.0109306570038659,51,70
test-037.jpg,1,13.005000114440918,0.17784245312213898,2307.524169921875,0.0,1035.7333984375,0.0,-1,6
test-037.jpg,2,8.670000076293945,0.1757848858833313,2307.524169921875,0.0,1035.7333984375,0.0,-1,6
test-037.jpg,3,4.335000038146973,0.17714270949363708,2307.524169921875,0.0,1035.7333984375,0.0,-1,6
test-037.jpg,4,0.0,0.17664624750614166,2307.524169921875,0.0,1035.7333984375,0.0,-1,6
test-037.jpg,5,4.335000038146973,0.17567291855812073,2489.26953125,3321.842529296875,815.3426513671875,0.013607742123510817,0,6
test-037.jpg,6,13.005000114440918,0.16632139682769775,2944.065185546875,2239.67236328125,806.5401611328125,0.016207181867552937,4,6
test-037.jpg,7,13.005000114440918,0.2049727737903595,2931.8671875,2193.230712890625,793.0137939453125,0.016619852325662685,4,6
test-037.jpg,8,13.005000114440918,0.6636090874671936,3213.92041015625,1153.1236572265625,776.7190551757812,0.0,-1,6
test-037.jpg,9,4.335000038146973,0.23746426403522491,2434.113037109375,3472.21923828125,772.019287109375,0.01331413805787233,0,6
test-037.jpg,10,13.005000114440918,0.1713482141494751,3014.480712890625,470.47900390625,762.549072265625,0.0,-1,6
test-037.jpg,11,8.670000076293945,0.18244263529777527,3228.85498046875,571.2964477539062,754.0077514648438,0.0,-1,6
test-037.jpg,12,13.005000114440918,0.8619751930236816,3232.89404296875,552.50927734375,753.4784545898438,0.0,-1,6
test-037.jpg,13,13.005000114440918,0.2514248192310333,3162.031494140625,1129.282470703125,750.9811401367188,0.0,-1,6
test-037.jpg,14,13.005000114440918,0.2217520773410797,3127.635498046875,1233.4488525390625,742.0062866210938,0.003670932236211708,4,6
test-037.jpg,15,13.005000114440918,0.19705508649349213,3135.893310546875,1222.47216796875,742.0042724609375,0.00285429404782041,4,6
test-037.jpg,16,13.005000114440918,0.17156673967838287,3115.468505859375,877.6260986328125,740.9766845703125,0.0,-1,6
test-037.jpg,17,13.005000114440918,0.5789483189582825,3120.7802734375,1103.2244873046875,735.6797485351562,0.0,-1,6
test-037.jpg,18,13.005000114440918,0.2229558229446411,3017.425048828125,487.36962890625,727.9510498046875,0.0,-1,6
test-037.jpg,19,13.005000114440918,0.182244673371315,3019.142822265625,1109.969482421875,718.7789916992188,0.0,-1,6
test-037.jpg,20,13.005000114440918,0.18992966413497925,3017.17822265625,1715.90966796875,717.23291015625,0.02064016486115805,4,6
test-037.jpg,21,13.005000114440918,0.20542195439338684,2996.61279296875,873.7320556640625,713.5721435546875,0.0,-1,6
test-037.jpg,22,13.005000114440918,0.17909516394138336,2830.216064453125,796.0090942382812,706.8680419921875,0.0,-1,6
test-037.jpg,23,8.670000076293945,0.1681487113237381,2909.53369140625,1750.6861572265625,698.5584106445312,0.020950315858958193,4,6
test-037.jpg,24,13.005000114440918,0.2698914408683777,2767.22021484375,1492.8956298828125,695.5521850585938,0.02223964589635646,4,6
test-037.jpg,25,8.670000076293945,0.18423478305339813,2890.1005859375,936.4039306640625,693.8023071289062,0.0,-1,6
test-037.jpg,26,0.0,0.19984954595565796,2234.3466796875,2703.336181640625,692.7984008789062,0.018596815658998445,0,6
test-037.jpg,27,13.005000114440918,0.552618145942688,2892.04736328125,914.5220947265625,689.984375,0.0,-1,6
test-037.jpg,28,13.005000114440918,0.2790413200855255,2894.95068359375,868.1690063476562,689.9033203125,0.0,-1,6
test-037.jpg,29,13.005000114440918,0.18778540194034576,2847.4267578125,487.75982666015625,686.154296875,0.0,-1,6
test-037.jpg,30,13.005000114440918,0.28757444024086,2869.653076171875,556.6622314453125,684.039306640625,0.0,-1,6
test-037.jpg,31,13.005000114440918,0.18876665830612183,2829.53173828125,347.5422668457031,678.137939453125,0.0,-1,6
test-037.jpg,32,8.670000076293945,0.1849624663591385,2763.9892578125,1279.31884765625,677.0050659179688,0.0078016507502097565,4,6
test-037.jpg,33,8.670000076293945,0.17725802958011627,2773.763427734375,1244.0091552734375,676.412353515625,0.004984174227642495,4,6
test-037.jpg,34,8.670000076293945,0.1716408133506775,2702.013671875,3356.231201171875,670.2632446289062,0.012426123395350604,0,6
test-037.jpg,35,13.005000114440918,0.2104804366827011,2820.706787109375,1721.95068359375,668.7527465820312,0.022007255283725095,4,6
test-037.jpg,36,0.0,0.18927547335624695,2697.099365234375,2064.128173828125,666.4531860351562,0.019111320566228586,4,6
test-037.jpg,37,13.005000114440918,0.3110700845718384,2668.55859375,974.0322265625,660.033935546875,0.0,-1,6
test-037.jpg,38,13.005000114440918,0.2618706524372101,2758.492431640625,737.3827514648438,657.5108642578125,0.0,-1,6
test-037.jpg,39,13.005000114440918,0.43039920926094055,2742.51318359375,734.8634643554688,654.802978515625,0.0,-1,6
test-037.jpg,40,13.005000114440918,0.20388229191303253,2721.106201171875,1727.6236572265625,647.7189331054688,0.022741635971797867,4,6
test-037.jpg,41,8.670000076293945,0.22833916544914246,2762.994140625,2696.434326171875,644.8934326171875,0.015124776909096999,0,6
test-037.jpg,42,4.335000038146973,0.22871604561805725,2420.678955078125,4122.90185546875,644.42919921875,0.011275074936555479,0,6
test-037.jpg,43,8.670000076293945,0.26036688685417175,2747.090576171875,2722.485107421875,640.4007568359375,0.01506721442049372,0,6
test-037.jpg,44,13.005000114440918,0.2978900074958801,2725.292724609375,2954.504150390625,639.7247924804688,0.014017821396076198,0,6
test-037.jpg,45,8.670000076293945,0.16852566599845886,2554.50732421875,3501.90283203125,636.7825927734375,0.01259920825391668,0,6
test-037.jpg,46,8.670000076293945,0.1673136204481125,2671.43896484375,779.3659057617188,636.7000732421875,0.0,-1,6
test-037.jpg,47,13.005000114440918,0.17323453724384308,2664.7412109375,370.2511901855469,635.5580444335938,0.0,-1,6
test-037.jpg,48,8.670000076293945,0.19398586452007294,2710.093017578125,2736.35400390625,630.3722534179688,0.015195780314305773,0,6
test-037.jpg,49,13.005000114440918,0.20941725373268127,2678.80908203125,2733.564697265625,626.441650390625,0.015414618524995545,0,6
test-037.jpg,50,8.670000076293945,0.21035756170749664,2622.7626953125,1895.663818359375,624.1476440429688,0.02147090602228481,4,6
test-038.jpg,1,15.359999656677246,1.1662558317184448,4034.491455078125,1171.3294677734375,799.5903930664062,0.008761992666055702,30,63
test-038.jpg,2,15.359999656677246,1.263823390007019,3757.611328125,273.95269775390625,745.06298828125,0.0,-1,63
test-038.jpg,3,15.359999656677246,0.8303098678588867,3586.265380859375,165.6027069091797,713.78759765625,0.0,-1,63
test-038.jpg,4,5.119999885559082,1.8473622798919678,3292.35498046875,1551.9544677734375,681.2001953125,0.008087030482420831,30,63
test-038.jpg,5,0.0,0.9476671814918518,3291.565673828125,1550.90234375,680.7214965820312,0.008077184690335703,30,63
test-038.jpg,6,0.0,1.3273237943649292,3186.80810546875,1699.4893798828125,656.0015869140625,0.007614589419536591,30,63
test-038.jpg,7,15.359999656677246,2.2753171920776367,3164.1337890625,1457.3153076171875,643.850341796875,0.00899425394912295,30,63
test-038.jpg,8,0.0,1.460577368736267,3051.072509765625,1777.0240478515625,617.8742065429688,0.007606639012171199,30,63
test-038.jpg,9,5.119999885559082,1.6813883781433105,3051.44189453125,1778.13134765625,617.7113647460938,0.007614699451586074,30,63
test-038.jpg,10,0.0,0.9099588990211487,2968.768798828125,1063.9317626953125,617.29296875,0.013057588780860668,30,63
test-038.jpg,11,15.359999656677246,2.068132162094116,2969.22509765625,1062.3609619140625,616.9705200195312,0.013157247826625697,30,63
test-038.jpg,12,15.359999656677246,0.9727987051010132,3097.749267578125,716.9300537109375,615.6077880859375,0.013889424094512996,45,63
test-038.jpg,13,15.359999656677246,0.9191106557846069,3006.72021484375,260.918212890625,596.396484375,0.0,-1,63
test-038.jpg,14,15.359999656677246,1.008178472518921,2924.06005859375,1638.6558837890625,594.0595092773438,0.008650916420074525,30,63
test-038.jpg,15,15.359999656677246,1.8287606239318848,2886.116943359375,1278.7630615234375,591.8707275390625,0.011241300561519993,30,63
test-038.jpg,16,5.119999885559082,2.818718671798706,2886.16650390625,1279.0419921875,591.6394653320312,0.01120739317912823,30,63
test-038.jpg,17,15.359999656677246,3.0309183597564697,2783.321044921875,1511.5882568359375,587.310791015625,0.009868695324054233,30,63
test-038.jpg,18,0.0,0.9255210161209106,2783.49853515625,1511.391845703125,587.2758178710938,0.00980120544236621,30,63
test-038.jpg,19,0.0,1.3799214363098145,2690.023681640625,2242.875,562.631591796875,0.0068341993670887665,30,63
test-038.jpg,20,15.359999656677246,2.5469846725463867,2689.810302734375,2242.581298828125,562.436767578125,0.006878477698018076,30,63
test-038.jpg,21,15.359999656677246,1.2326745986938477,2766.279052734375,1724.357421875,552.2160034179688,0.00869334681477429,30,63
test-038.jpg,22,15.359999656677246,1.332432746887207,2704.9755859375,2126.378662109375,545.0624389648438,0.0072097954202988285,30,63
test-038.jpg,23,5.119999885559082,2.0563974380493164,2657.64697265625,1647.0576171875,543.7786254882812,0.009443989678363518,30,63
test-038.jpg,24,15.359999656677246,2.226917028427124,2517.7431640625,1688.964111328125,519.5050048828125,0.00976293292737856,30,63
test-038.jpg,25,10.239999771118164,0.9640516638755798,2569.1875,2061.709228515625,515.4733276367188,0.007814404155796439,30,63
test-038.jpg,26,5.119999885559082,2.4199254512786865,2452.57470703125,1031.9931640625,501.89349365234375,0.016353459052934283,30,63
test-038.jpg,27,15.359999656677246,2.3760902881622314,2416.236572265625,1892.1693115234375,499.01593017578125,0.00908233289770688,30,63
test-038.jpg,28,0.0,1.4286049604415894,2415.73046875,1891.19384765625,498.71417236328125,0.009026620891139047,30,63
test-038.jpg,29,5.119999885559082,2.131120204925537,2222.077392578125,568.2540893554688,470.1616516113281,0.016449342690765752,28,63
test-038.jpg,30,15.359999656677246,1.9136266708374023,2225.161376953125,567.7630615234375,469.8919372558594,0.016436377296686486,28,63
test-038.jpg,31,15.359999656677246,0.8147140741348267,2328.445556640625,556.975341796875,468.6816101074219,0.015657483299075906,43,63
test-038.jpg,32,15.359999656677246,2.708306074142456,2189.409423828125,1387.6678466796875,466.14581298828125,0.013685952789258849,30,63
test-038.jpg,33,0.0,0.8786581158638,2171.353515625,755.2604370117188,460.3412780761719,0.01871272738440645,45,63
test-038.jpg,34,15.359999656677246,1.118524193763733,2223.138916015625,2389.66845703125,447.0965576171875,0.008135184106662018,54,63
test-038.jpg,35,15.359999656677246,2.4304654598236084,2119.566650390625,415.655517578125,443.1669006347656,0.0,-1,63
test-038.jpg,36,0.0,1.1184895038604736,2117.501953125,415.385009765625,443.1022033691406,0.0,-1,63
test-038.jpg,37,15.359999656677246,1.5306849479675293,2088.7470703125,611.687255859375,441.2322998046875,0.01867217833152513,28,63
test-038.jpg,38,15.359999656677246,0.8043741583824158,2170.11962890625,1332.6365966796875,440.8149108886719,0.01435929734137271,30,63
test-038.jpg,39,10.239999771118164,1.5686534643173218,2170.206298828125,1334.4422607421875,439.4980773925781,0.014313491793401566,30,63
test-038.jpg,40,10.239999771118164,0.8598222732543945,2051.399169921875,2448.919677734375,439.01470947265625,0.008585357566953458,54,63
test-038.jpg,41,15.359999656677246,2.2406258583068848,2007.451416015625,1498.5416259765625,433.9588928222656,0.013824623307031469,30,63
test-038.jpg,42,0.0,2.8536624908447266,2009.3438720703125,1637.1192626953125,429.22412109375,0.012548870305588135,30,63
test-038.jpg,43,10.239999771118164,1.1573330163955688,2009.89892578125,1635.6773681640625,429.0874328613281,0.012607685375791355,30,63
test-038.jpg,44,10.239999771118164,0.8934676051139832,2123.162109375,1363.739990234375,428.1592102050781,0.014310377781181145,30,63
test-038.jpg,45,10.239999771118164,1.3421519994735718,2103.535400390625,1400.7628173828125,426.50030517578125,0.01406704040084076,30,63
test-038.jpg,46,10.239999771118164,1.0782195329666138,2109.002197265625,1818.9788818359375,422.9380187988281,0.010800606803007916,30,63
test-038.jpg,47,15.359999656677246,1.9732122421264648,1945.8548583984375,495.1064147949219,416.0503234863281,0.007318128924909358,28,63
test-038.jpg,48,5.119999885559082,2.3165831565856934,1945.9471435546875,494.7392578125,415.80926513671875,0.007219408892947717,28,63
test-038.jpg,49,15.359999656677246,0.9400604367256165,1920.9552001953125,2293.6416015625,413.87347412109375,0.009819268123294615,54,63
test-038.jpg,50,15.359999656677246,0.9829957485198975,1994.5076904296875,905.5040893554688,413.78143310546875,0.021350992595586236,30,63
test-039.jpg,1,13.005000114440918,0.16698384284973145,2316.509765625,3086.522216796875,1033.5916748046875,0.009718073214365847,2,16
test-039.jpg,2,13.005000114440918,0.17810675501823425,2317.5908203125,0.0,1033.378173828125,0.0,-1,16
test-039.jpg,3,8.670000076293945,0.17303138971328735,2317.5908203125,0.0,1033.378173828125,0.0,-1,16
test-039.jpg,4,4.335000038146973,0.17797134816646576,2317.5908203125,0.0,1033.378173828125,0.0,-1,16
test-039.jpg,5,0.0,0.17532849311828613,2317.5908203125,0.0,1033.378173828125,0.0,-1,16
test-039.jpg,6,4.335000038146973,0.16982626914978027,3070.6142578125,482.9949035644531,868.7433471679688,0.0,-1,16
test-039.jpg,7,13.005000114440918,0.16748538613319397,3005.220703125,3966.0107421875,864.7012939453125,0.005822195033450534,2,16
test-039.jpg,8,4.335000038146973,0.1674266904592514,3135.172119140625,1253.467529296875,841.9278564453125,0.0,-1,16
test-039.jpg,9,4.335000038146973,0.1633007675409317,3143.6806640625,2888.8994140625,828.1630249023438,0.007618477420284122,2,16
test-039.jpg,10,4.335000038146973,0.19430357217788696,3182.167236328125,1239.534423828125,827.7274780273438,0.0,-1,16
test-039.jpg,11,13.005000114440918,0.16063010692596436,3314.282958984375,2670.82470703125,820.2869873046875,0.00783635019249086,2,16
test-039.jpg,12,13.005000114440918,0.448617160320282,3389.84765625,961.2915649414062,818.7256469726562,0.0,-1,16
test-039.jpg,13,4.335000038146973,0.2034609019756317,3352.15087890625,2986.989990234375,814.2088012695312,0.006909544907655382,2,16
test-039.jpg,14,4.335000038146973,0.23578178882598877,3227.89501953125,1257.35107421875,813.0421142578125,0.0,-1,16
test-039.jpg,15,4.335000038146973,0.23854628205299377,2770.505859375,3910.996826171875,810.8914794921875,0.0063866808920217885,2,16
test-039.jpg,16,13.005000114440918,0.16606245934963226,2722.39111328125,3963.86328125,810.8230590820312,0.006433448373496128,2,16
test-039.jpg,17,4.335000038146973,0.17643390595912933,3194.012451171875,3058.506103515625,809.5704956054688,0.007082459936300988,2,16
test-039.jpg,18,4.335000038146973,0.3039429187774658,3260.759033203125,0.0,808.1159057617188,0.0,-1,16
test-039.jpg,19,13.005000114440918,0.2713368237018585,2882.29541015625,3886.818603515625,803.63671875,0.006195505289319022,2,16
test-039.jpg,20,4.335000038146973,0.22507716715335846,3298.55908203125,142.49420166015625,801.1458129882812,0.0,-1,16
test-039.jpg,21,4.335000038146973,0.17876318097114563,3311.773681640625,1489.1973876953125,798.0401611328125,0.0,-1,16
test-039.jpg,22,4.335000038146973,0.1846807301044464,3112.135498046875,155.23638916015625,792.40234375,0.0,-1,16
test-039.jpg,23,4.335000038146973,0.1923552304506302,3074.262451171875,0.0,792.0823974609375,0.0,-1,16
test-039.jpg,24,4.335000038146973,0.19049108028411865,3263.712646484375,1116.3782958984375,780.9237060546875,0.0,-1,16
test-039.jpg,25,4.335000038146973,0.17073503136634827,2940.640869140625,1102.32080078125,780.2471313476562,0.0,-1,16
test-039.jpg,26,4.335000038146973,0.21109335124492645,3196.0576171875,547.3014526367188,762.8200073242188,0.0,-1,16
test-039.jpg,27,4.335000038146973,0.17193759977817535,3151.55224609375,2688.96826171875,755.2344970703125,0.008164518257264393,2,16
test-039.jpg,28,4.335000038146973,0.19789275527000427,3192.2685546875,549.4884033203125,752.5723266601562,0.0,-1,16
test-039.jpg,29,0.0,0.2009979784488678,2693.007568359375,3018.82666015625,747.6699829101562,0.008499010366393977,2,16
test-039.jpg,30,13.005000114440918,0.2031451016664505,3140.560546875,3282.546142578125,740.8154296875,0.006730172552710826,2,16
test-039.jpg,31,13.005000114440918,0.1604776680469513,3141.990478515625,3315.734130859375,738.7770385742188,0.006659673920110165,2,16
test-039.jpg,32,0.0,0.17426647245883942,2758.388427734375,3039.280517578125,736.8687744140625,0.008241644674777733,2,16
test-039.jpg,33,4.335000038146973,0.23856204748153687,3086.783203125,544.851806640625,733.6390380859375,0.0,-1,16
test-039.jpg,34,4.335000038146973,0.16381734609603882,2826.93701171875,703.224365234375,731.8868408203125,0.0,-1,16
test-039.jpg,35,13.005000114440918,0.1730155348777771,3082.720703125,3910.613525390625,730.2916870117188,0.0057556099350178185,2,16
test-039.jpg,36,13.005000114440918,0.20393601059913635,3061.013427734375,3943.023193359375,729.1864013671875,0.005748998034380448,2,16
test-039.jpg,37,13.005000114440918,0.17070786654949188,3089.227783203125,2640.794921875,728.6004028320312,0.008505322919638496,2,16
test-039.jpg,38,0.0,0.1646956354379654,3052.91552734375,3604.411376953125,728.5958862304688,0.006278933705388446,2,16
test-039.jpg,39,13.005000114440918,0.22233396768569946,3104.05859375,2726.036865234375,727.9705810546875,0.008199971731503785,2,16
test-039.jpg,40,13.005000114440918,0.2822692394256592,3103.872314453125,2679.118896484375,727.0741577148438,0.008344274881420866,2,16
test-039.jpg,41,8.670000076293945,0.2088204175233841,3057.33251953125,3945.5849609375,726.1564331054688,0.0057440396258793755,2,16
test-039.jpg,42,13.005000114440918,0.409160852432251,3064.196044921875,3924.821044921875,725.6565551757812,0.005769938835676489,2,16
test-039.jpg,43,0.0,0.172664076089859,2936.401611328125,4079.779052734375,713.0263671875,0.005767418627168723,2,16
test-039.jpg,44,13.005000114440918,0.24917659163475037,2970.4560546875,4097.16015625,710.6465454101562,0.005702182322768926,2,16
test-039.jpg,45,13.005000114440918,0.23013292253017426,2934.535888671875,3086.360107421875,710.079345703125,0.007662853057209934,2,16
test-039.jpg,46,13.005000114440918,0.3454091548919678,2974.781005859375,4009.37158203125,710.056396484375,0.005818674868441036,2,16
test-039.jpg,47,4.335000038146973,0.1826692372560501,2771.1103515625,793.2633666992188,709.4104614257812,0.0,-1,16
test-039.jpg,48,0.0,0.23896270990371704,2884.052490234375,3253.06787109375,708.6841430664062,0.007364627942476204,2,16
test-039.jpg,49,8.670000076293945,0.18016891181468964,2872.796875,3251.32763671875,708.5291137695312,0.007419698726328756,2,16
test-039.jpg,50,13.005000114440918,0.22275406122207642,2961.282470703125,4003.780029296875,706.35693359375,0.005853300125751552,2,16
test-040.jpg,1,11.34000015258789,0.9708060622215271,2788.453369140625,614.85888671875,743.8173828125,0.006438152922728337,2,59
test-040.jpg,2,11.34000015258789,0.6762709021568298,2567.447509765625,372.0517883300781,686.4105834960938,0.011562499107080558,2,59
test-040.jpg,3,0.0,1.016250729560852,2424.042236328125,867.7283935546875,667.067626953125,0.005245254085074825,35,59
test-040.jpg,4,11.34000015258789,1.6616673469543457,2380.719482421875,2224.81103515625,643.0315551757812,0.004239404977465809,32,59
test-040.jpg,5,3.7799999713897705,1.6534297466278076,2231.696044921875,1601.51416015625,627.28515625,0.006265087947346681,32,59
test-040.jpg,6,11.34000015258789,3.243105888366699,2305.14111328125,746.1255493164062,626.3121337890625,0.00646704288037534,35,59
test-040.jpg,7,7.559999942779541,0.6353120803833008,2251.267578125,755.59716796875,608.858642578125,0.006505644536634226,35,59
test-040.jpg,8,11.34000015258789,0.8952376842498779,2165.354248046875,2188.14404296875,599.9345092773438,0.004739815228097312,32,59
test-040.jpg,9,7.559999942779541,0.9101700186729431,2225.7158203125,1339.1551513671875,599.7507934570312,0.004122036127794145,50,59
test-040.jpg,10,11.34000015258789,1.5808379650115967,2226.69287109375,1312.0020751953125,599.5936889648438,0.003984996885856348,50,59
test-040.jpg,11,7.559999942779541,0.8334713578224182,2139.942138671875,2196.16015625,598.9899291992188,0.004770281181268174,32,59
test-040.jpg,12,11.34000015258789,2.338005781173706,2215.94189453125,748.3794555664062,598.3405151367188,0.006700210712308482,35,59
test-040.jpg,13,7.559999942779541,1.4462971687316895,2170.953125,1423.1390380859375,591.8482666015625,0.003978306845955188,50,59
test-040.jpg,14,11.34000015258789,1.1806455850601196,2170.19091796875,1420.258544921875,590.8280029296875,0.003994023163770479,50,59
test-040.jpg,15,11.34000015258789,1.0954735279083252,2168.691650390625,3520.95751953125,581.0287475585938,0.0029407735785751876,32,59
test-040.jpg,16,11.34000015258789,2.176679849624634,2143.220947265625,1803.2080078125,578.4513549804688,0.005815994084060012,32,59
test-040.jpg,17,0.0,0.9323016405105591,2094.0625,1191.3541259765625,577.6449584960938,0.004420700315656503,35,59
test-040.jpg,18,11.34000015258789,0.762912929058075,2064.829345703125,1183.3341064453125,576.1344604492188,0.0045379723450365336,35,59
test-040.jpg,19,11.34000015258789,0.8806301951408386,2106.65966796875,1494.81494140625,570.6322631835938,0.007133889534915865,32,59
test-040.jpg,20,11.34000015258789,1.2778522968292236,2127.868408203125,1936.814697265625,568.6436767578125,0.0054510808892744515,32,59
test-040.jpg,21,11.34000015258789,3.94142484664917,2021.653564453125,2458.848388671875,568.330078125,0.004524903593810782,32,59
test-040.jpg,22,3.7799999713897705,1.4890079498291016,2022.096923828125,2458.50390625,568.262939453125,0.004503094073632471,32,59
test-040.jpg,23,11.34000015258789,1.1264623403549194,2111.144287109375,2047.1207275390625,566.70166015625,0.005197864350302536,32,59
test-040.jpg,24,11.34000015258789,1.047607183456421,2102.22412109375,2039.6375732421875,565.7478637695312,0.0052389991123154254,32,59
test-040.jpg,25,11.34000015258789,0.9774996638298035,2095.920166015625,2037.363525390625,564.821533203125,0.0052605295216451055,32,59
test-040.jpg,26,11.34000015258789,0.9967682361602783,2069.181396484375,941.0800170898438,563.722900390625,0.00569643807966682,35,59
test-040.jpg,27,3.7799999713897705,0.6631162166595459,2049.0908203125,1456.979248046875,562.6007690429688,0.005569970887341832,32,59
test-040.jpg,28,11.34000015258789,2.034977912902832,2021.8240966796875,1634.35693359375,558.9159545898438,0.0068045860003587135,32,59
test-040.jpg,29,7.559999942779541,0.8670297265052795,2025.7276611328125,1462.102294921875,555.0679931640625,0.005910060181152914,32,59
test-040.jpg,30,11.34000015258789,2.596111297607422,2026.9410400390625,1167.039794921875,551.37646484375,0.0046952479454635656,35,59
test-040.jpg,31,0.0,1.1424627304077148,1947.8096923828125,850.8154907226562,545.7825927734375,0.006658604803078326,35,59
test-040.jpg,32,3.7799999713897705,1.1989645957946777,1947.7806396484375,850.0252075195312,545.6820678710938,0.00667830720573088,35,59
test-040.jpg,33,11.34000015258789,4.326377868652344,1894.0494384765625,3163.00732421875,522.7352294921875,0.003755079284291904,32,59
test-040.jpg,34,11.34000015258789,0.8616507649421692,1944.281005859375,1780.56201171875,521.7684936523438,0.006491464459360032,32,59
test-040.jpg,35,3.7799999713897705,1.7225604057312012,1843.761474609375,1197.355224609375,519.7273559570312,0.005009223078337199,35,59
test-040.jpg,36,3.7799999713897705,3.1890861988067627,1830.0848388671875,1923.541748046875,511.9001159667969,0.006367279438635875,32,59
test-040.jpg,37,11.34000015258789,2.614356279373169,1830.8995361328125,1924.172119140625,511.6309509277344,0.006386875598822132,32,59
test-040.jpg,38,7.559999942779541,0.9203392267227173,1828.61376953125,1924.350341796875,511.4732666015625,0.006375423166795701,32,59
test-040.jpg,39,11.34000015258789,3.775448799133301,1809.3187255859375,1571.01953125,510.9504089355469,0.007924775795800426,32,59
test-040.jpg,40,7.559999942779541,0.6627449989318848,1811.4757080078125,1574.177001953125,510.7991638183594,0.0078672191669057,32,59
test-040.jpg,41,11.34000015258789,1.1233373880386353,1882.1429443359375,1421.924560546875,504.2950744628906,0.004603393512003277,50,59
test-040.jpg,42,0.0,0.6580889821052551,1824.590087890625,2831.993896484375,500.7930908203125,0.004322663996906311,32,59
test-040.jpg,43,7.559999942779541,1.66834557056427,1802.8251953125,2023.58740234375,491.447265625,0.006151992462212499,32,59
test-040.jpg,44,11.34000015258789,4.442850589752197,1714.3853759765625,2628.156005859375,487.7743225097656,0.003927442194843072,48,59
test-040.jpg,45,11.34000015258789,0.7627921104431152,1784.6015625,2026.698974609375,486.18634033203125,0.0056254596072774395,32,59
test-040.jpg,46,7.559999942779541,0.719566822052002,1697.8770751953125,2135.34521484375,479.5244140625,0.004863651764349912,48,59
test-040.jpg,47,11.34000015258789,0.6614195108413696,1656.6273193359375,1357.986572265625,476.3746643066406,0.005115552508646801,51,59
test-040.jpg,48,0.0,1.255744218826294,1668.7642822265625,1029.7181396484375,472.580078125,0.006420933647276454,35,59
test-040.jpg,49,11.34000015258789,1.1235533952713013,1638.5130615234375,1376.5633544921875,463.4659118652344,0.005104378390212218,51,59
test-040.jpg,50,3.7799999713897705,1.1854716539382935,1596.5228271484375,1226.38330078125,457.42755126953125,0.005647155127067214,35,59
test-041.jpg,1,3.7799999713897705,4.089287757873535,2438.255615234375,1361.1007080078125,665.2512817382812,0.0071542922219447755,49,58
test-041.jpg,2,11.34000015258789,0.6857465505599976,2420.12109375,2226.173583984375,646.419677734375,0.004408928417107475,49,58
test-041.jpg,3,0.0,0.3793867230415344,1982.9368896484375,3838.943115234375,626.4573974609375,0.00310511693005228,49,58
test-041.jpg,4,7.559999942779541,0.6027969717979431,2252.201904296875,2864.30078125,624.1889038085938,0.003676895833596419,49,58
test-041.jpg,5,3.7799999713897705,1.4875202178955078,2252.205322265625,2864.29296875,624.142333984375,0.0036718531484365583,49,58
test-041.jpg,6,7.559999942779541,0.46620601415634155,2246.803466796875,869.573974609375,611.2794799804688,0.007246536265935288,56,58
test-041.jpg,7,11.34000015258789,1.6629631519317627,2121.78759765625,1625.461181640625,577.54345703125,0.00689682129391156,49,58
test-041.jpg,8,3.7799999713897705,3.7417473793029785,2107.912109375,954.8662719726562,574.1552734375,0.010110470394143487,56,58
test-041.jpg,9,3.7799999713897705,0.4513479769229889,2104.3056640625,915.7177734375,572.9849853515625,0.010524615100410887,56,58
test-041.jpg,10,11.34000015258789,1.8897308111190796,2093.121826171875,841.1554565429688,572.71142578125,0.0070542724268447335,24,58
test-041.jpg,11,11.34000015258789,3.9856576919555664,2077.601806640625,2578.57666015625,571.4152221679688,0.004442853688554626,49,58
test-041.jpg,12,3.7799999713897705,1.7065975666046143,2076.823486328125,2579.3720703125,571.361572265625,0.004423037687862265,49,58
test-041.jpg,13,11.34000015258789,0.4250783920288086,1935.16015625,2919.37109375,565.5346069335938,0.004208865747953687,49,58
test-041.jpg,14,11.34000015258789,4.251373291015625,2002.998291015625,2932.80810546875,554.9971923828125,0.0040521651440307595,49,58
test-041.jpg,15,7.559999942779541,0.3435927629470825,2002.101318359375,2933.688232421875,554.9083862304688,0.004039703380789042,49,58
test-041.jpg,16,7.559999942779541,0.3668428957462311,1994.931884765625,1503.99072265625,552.8064575195312,0.007909285467850401,49,58
test-041.jpg,17,11.34000015258789,4.577653408050537,1975.4298095703125,3125.787841796875,552.3507080078125,0.0038554160271575253,49,58
test-041.jpg,18,11.34000015258789,1.2797476053237915,1977.3961181640625,1515.053466796875,551.7243041992188,0.007941430428425541,49,58
test-041.jpg,19,3.7799999713897705,2.0760440826416016,1971.067626953125,2388.810546875,550.0444946289062,0.005033657184863299,49,58
test-041.jpg,20,7.559999942779541,0.7883444428443909,1943.487060546875,1511.1380615234375,548.141845703125,0.008083307450265103,49,58
test-041.jpg,21,11.34000015258789,2.801457405090332,1940.010009765625,1510.30859375,547.5889282226562,0.00812902206864424,49,58
test-041.jpg,22,11.34000015258789,1.9499585628509521,1850.4365234375,682.1792602539062,523.6885375976562,0.009852060470559082,24,58
test-041.jpg,23,3.7799999713897705,3.9409377574920654,1857.9610595703125,1163.4613037109375,523.0284423828125,0.010993224197788464,49,58
test-041.jpg,24,3.7799999713897705,3.1195309162139893,1861.5638427734375,1924.6962890625,520.7938232421875,0.006620681379349989,49,58
test-041.jpg,25,11.34000015258789,1.942366123199463,1874.9510498046875,484.3852233886719,516.9053955078125,0.012381465160918132,20,58
test-041.jpg,26,3.7799999713897705,0.39248114824295044,1844.1226806640625,1723.1337890625,515.157958984375,0.007454814495592039,49,58
test-041.jpg,27,11.34000015258789,1.9165141582489014,1777.55078125,965.357666015625,488.914794921875,0.011890880693882108,56,58
test-041.jpg,28,7.559999942779541,0.5194569230079651,1733.3924560546875,1315.595703125,479.0184326171875,0.010413723473671227,49,58
test-041.jpg,29,7.559999942779541,0.7810268402099609,1701.9063720703125,2116.42578125,476.9407958984375,0.006593418829369864,49,58
test-041.jpg,30,7.559999942779541,0.3627897799015045,1696.4595947265625,396.42449951171875,466.29095458984375,0.013293298735829826,4,58
test-041.jpg,31,0.0,0.6816315650939941,1687.7440185546875,2955.44287109375,463.0216369628906,0.004739435702710969,49,58
test-041.jpg,32,3.7799999713897705,0.8074869513511658,1643.9334716796875,3188.150146484375,459.1643371582031,0.0045210817884055385,49,58
test-041.jpg,33,11.34000015258789,2.7089743614196777,1657.9931640625,1694.03857421875,456.7978820800781,0.00848643372995814,49,58
test-041.jpg,34,7.559999942779541,0.4522368907928467,1646.6270751953125,2535.014892578125,455.0417175292969,0.005689260876817404,49,58
test-041.jpg,35,11.34000015258789,3.38202166557312,1618.45849609375,1557.3192138671875,453.8211364746094,0.00946398941830698,49,58
test-041.jpg,36,7.559999942779541,0.5521080493927002,1595.059326171875,775.529052734375,453.72308349609375,0.01001808231319701,24,58
test-041.jpg,37,11.34000015258789,0.5666114687919617,1588.8291015625,3185.645751953125,431.3807678222656,0.004704018394659852,49,58
test-041.jpg,38,3.7799999713897705,2.463273048400879,1539.8106689453125,1140.487060546875,430.0096435546875,0.013520861980748236,49,58
test-041.jpg,39,11.34000015258789,4.038552761077881,1543.4158935546875,2371.91650390625,427.1109924316406,0.006515023910164436,49,58
test-041.jpg,40,7.559999942779541,0.40478092432022095,1542.7413330078125,2371.01171875,427.013671875,0.006494360231793346,49,58
test-041.jpg,41,11.34000015258789,2.322655200958252,1578.692626953125,3183.486572265625,426.2307434082031,0.004740267419106546,49,58
test-041.jpg,42,11.34000015258789,3.0449836254119873,1503.631591796875,1572.898681640625,416.7613830566406,0.01008887484000396,49,58
test-041.jpg,43,0.0,0.8157355189323425,1504.0106201171875,1572.9146728515625,416.71246337890625,0.009995967365718214,49,58
test-041.jpg,44,7.559999942779541,0.30432090163230896,1519.5167236328125,1152.3314208984375,416.4624328613281,0.01356917834304383,49,58
test-041.jpg,45,11.34000015258789,3.089447498321533,1464.6923828125,880.0104370117188,415.1320495605469,0.012152781705084327,56,58
test-041.jpg,46,11.34000015258789,2.7914228439331055,1455.148193359375,1820.891357421875,406.4905700683594,0.00900385211936225,49,58
test-041.jpg,47,11.34000015258789,4.069065570831299,1454.2135009765625,3154.1181640625,404.8683166503906,0.005200080013986058,49,58
test-041.jpg,48,11.34000015258789,1.5512841939926147,1486.054443359375,1143.9820556640625,398.9020080566406,0.014028711387636126,49,58
test-041.jpg,49,11.34000015258789,0.915682315826416,1487.4132080078125,1153.1878662109375,398.5249328613281,0.013896090413669671,49,58
test-041.jpg,50,7.559999942779541,1.1436846256256104,1372.58984375,2731.775390625,398.2254943847656,0.006340891639361393,49,58
test-042.jpg,1,11.699999809265137,0.32264965772628784,2559.780029296875,2373.6220703125,722.3120727539062,0.0031346878399205716,60,67
test-042.jpg,2,0.0,1.2848100662231445,2638.517822265625,2081.236572265625,720.0146484375,0.0034541930136907746,60,67
test-042.jpg,3,7.800000190734863,0.3366418480873108,2696.411376953125,2415.415771484375,714.9527587890625,0.0029194463558085116,60,67
test-042.jpg,4,11.699999809265137,0.37590914964675903,2458.769775390625,2112.549560546875,698.3035888671875,0.0036676165421577465,60,67
test-042.jpg,5,3.9000000953674316,0.5863458514213562,2523.050048828125,1833.9881591796875,688.3566284179688,0.003806769516157422,34,67
test-042.jpg,6,11.699999809265137,4.5678606033325195,2523.041259765625,1832.9781494140625,688.273193359375,0.003829031043039048,34,67
test-042.jpg,7,11.699999809265137,4.704625129699707,2545.655517578125,2457.82763671875,685.0479125976562,0.00304959090186445,60,67
test-042.jpg,8,11.699999809265137,0.35440778732299805,2416.693115234375,2090.2373046875,681.5052490234375,0.003771586800675307,60,67
test-042.jpg,9,11.699999809265137,4.610574722290039,2508.673095703125,2186.389892578125,680.9403076171875,0.003479647197757759,60,67
test-042.jpg,10,7.800000190734863,0.5866026282310486,2416.14013671875,2061.6240234375,642.248046875,0.0035799811002671933,60,67
test-042.jpg,11,0.0,1.2661381959915161,2346.591796875,1600.37939453125,634.9263916015625,0.004685452118059596,34,67
test-042.jpg,12,11.699999809265137,0.3776196539402008,2281.637451171875,1662.341796875,631.4669189453125,0.004660502302658981,34,67
test-042.jpg,13,11.699999809265137,4.780640125274658,2361.93701171875,2354.6142578125,629.4602661132812,0.00343250455690103,60,67
test-042.jpg,14,11.699999809265137,4.415658473968506,2279.729248046875,1686.175048828125,626.646240234375,0.004609520635641983,34,67
test-042.jpg,15,3.9000000953674316,0.8594316840171814,2202.6552734375,1313.979248046875,604.8897705078125,0.005507010124581423,65,67
test-042.jpg,16,3.9000000953674316,0.8588788509368896,2190.3154296875,2839.598388671875,597.349609375,0.0033981218347254104,31,67
test-042.jpg,17,11.699999809265137,4.667985439300537,2191.43994140625,2837.809814453125,597.287353515625,0.0034152631582812652,31,67
test-042.jpg,18,3.9000000953674316,0.7817364931106567,2192.45654296875,1996.0523681640625,586.7982177734375,0.004026323761480803,34,67
test-042.jpg,19,7.800000190734863,0.7422914505004883,2175.252685546875,2594.745361328125,585.3816528320312,0.0037512590847210694,31,67
test-042.jpg,20,11.699999809265137,4.306100368499756,2047.7127685546875,1954.2064208984375,563.8524780273438,0.004428690878728826,34,67
test-042.jpg,21,11.699999809265137,1.1600801944732666,2011.5152587890625,1856.844970703125,561.3163452148438,0.004737772101899747,34,67
test-042.jpg,22,3.9000000953674316,0.5316206812858582,2099.73388671875,1586.6685791015625,556.7470703125,0.005170100613293088,34,67
test-042.jpg,23,7.800000190734863,0.40070170164108276,1956.5826416015625,1848.6142578125,556.4248657226562,0.004881493572849186,34,67
test-042.jpg,24,7.800000190734863,0.4646899402141571,2064.767822265625,1348.8193359375,555.5791015625,0.005732782835174673,65,67
test-042.jpg,25,3.9000000953674316,1.2309951782226562,2048.07421875,2395.759521484375,554.3497924804688,0.0036152404519594313,10,67
test-042.jpg,26,0.0,1.7031607627868652,1966.4794921875,2676.351806640625,532.8721313476562,0.004009968959708365,31,67
test-042.jpg,27,11.699999809265137,4.386723041534424,1921.314208984375,1584.0867919921875,529.772216796875,0.005595782641485688,34,67
test-042.jpg,28,7.800000190734863,0.40690678358078003,1921.489501953125,1583.5364990234375,529.6452026367188,0.005550228146432139,34,67
test-042.jpg,29,7.800000190734863,0.5645338892936707,1853.7198486328125,2254.7138671875,516.17822265625,0.004225447909787979,34,67
test-042.jpg,30,11.699999809265137,4.5774993896484375,1811.0595703125,1489.257568359375,500.8279113769531,0.005565468331192125,0,67
test-042.jpg,31,7.800000190734863,0.5022613406181335,1758.265625,1786.0240478515625,489.94097900390625,0.005625349827298466,34,67
test-042.jpg,32,11.699999809265137,3.2601499557495117,1757.6856689453125,1784.9263916015625,489.5916748046875,0.005651988242678686,34,67
test-042.jpg,33,11.699999809265137,0.35204580426216125,1680.1529541015625,1639.78369140625,489.0494079589844,0.006052545276345551,34,67
test-042.jpg,34,11.699999809265137,0.6043280363082886,1631.05322265625,593.034912109375,471.72882080078125,0.0,-1,67
test-042.jpg,35,0.0,1.4335159063339233,1676.84814453125,608.9879760742188,470.8785095214844,0.0,-1,67
test-042.jpg,36,3.9000000953674316,0.7443091869354248,1665.1453857421875,593.6035766601562,470.5944519042969,0.0,-1,67
test-042.jpg,37,7.800000190734863,0.4950469732284546,1675.45849609375,2674.2578125,468.28460693359375,0.004730065778668352,31,67
test-042.jpg,38,11.699999809265137,4.456826686859131,1735.8974609375,1625.540283203125,465.7828369140625,0.006290365789237567,34,67
test-042.jpg,39,0.0,1.5683597326278687,1736.3311767578125,1623.884521484375,465.6668395996094,0.006241661579694983,34,67
test-042.jpg,40,11.699999809265137,4.4217424392700195,1711.5927734375,2337.242919921875,461.7655029296875,0.00443368973979138,34,67
test-042.jpg,41,11.699999809265137,4.091275215148926,1689.8690185546875,2056.8984375,460.65509033203125,0.005103691585830104,34,67
test-042.jpg,42,11.699999809265137,0.4843302369117737,1561.5552978515625,1619.2247314453125,449.34613037109375,0.006361573197474279,3,67
test-042.jpg,43,0.0,1.8206589221954346,1608.1058349609375,1593.4071044921875,436.4244384765625,0.006235740408007306,3,67
test-042.jpg,44,3.9000000953674316,0.8675708770751953,1567.1441650390625,1440.762451171875,433.0040588378906,0.006605336523539041,0,67
test-042.jpg,45,7.800000190734863,0.6044160723686218,1567.5556640625,1440.572509765625,432.7720642089844,0.006619773222742875,0,67
test-042.jpg,46,11.699999809265137,0.34194785356521606,1620.573486328125,1959.94921875,428.9992370605469,0.005202425510491437,38,67
test-042.jpg,47,11.699999809265137,0.361331969499588,1582.1959228515625,1959.70166015625,428.7461853027344,0.005330281149274371,38,67
test-042.jpg,48,11.699999809265137,0.3361513018608093,1417.8546142578125,2415.837646484375,426.10870361328125,0.004960300266175384,33,67
test-042.jpg,49,11.699999809265137,0.45911702513694763,1543.0908203125,1976.21142578125,426.05584716796875,0.005420985803473213,38,67
test-042.jpg,50,11.699999809265137,0.6455100178718567,1428.26513671875,2401.424560546875,425.11077880859375,0.004954041175936742,33,67
test-043.jpg,1,11.520000457763672,2.3893232345581055,2794.84619140625,330.72210693359375,735.7581787109375,0.0,-1,79
test-043.jpg,2,11.520000457763672,3.4911227226257324,2464.47509765625,2517.40966796875,695.0690307617188,0.005964943674769119,51,79
test-043.jpg,3,7.679999828338623,0.5551669597625732,2514.64111328125,2717.05029296875,694.3693237304688,0.005656558712617684,34,79
test-043.jpg,4,3.8399999141693115,2.259272575378418,2485.2001953125,2378.49365234375,693.739990234375,0.006238325923446737,51,79
test-043.jpg,5,11.520000457763672,0.9924217462539673,2362.7470703125,2531.04345703125,687.8577880859375,0.006475673922161685,34,79
test-043.jpg,6,3.8399999141693115,2.236835241317749,2418.3349609375,1924.7740478515625,678.4749145507812,0.007924029597328986,51,79
test-043.jpg,7,11.520000457763672,3.82759952545166,2416.42919921875,1929.32177734375,677.982421875,0.007943396731554697,51,79
test-043.jpg,8,0.0,1.1334114074707031,2357.992431640625,2583.130615234375,670.624267578125,0.0063271867414015776,34,79
test-043.jpg,9,0.0,1.009110927581787,2417.181396484375,2086.74462890625,665.8237915039062,0.0072958965472378935,51,79
test-043.jpg,10,0.0,1.2930808067321777,2344.0048828125,1472.9122314453125,662.7584838867188,0.009504614167520204,74,79
test-043.jpg,11,11.520000457763672,3.10710072517395,2385.659912109375,2252.3115234375,661.0330810546875,0.006888297716643662,51,79
test-043.jpg,12,0.0,1.0955321788787842,2333.85791015625,1839.07763671875,660.5516967773438,0.007643156358090808,74,79
test-043.jpg,13,0.0,0.8503379821777344,2356.6708984375,1248.7012939453125,652.4291381835938,0.010965820437946656,11,79
test-043.jpg,14,0.0,0.8392781615257263,2350.853759765625,2404.58056640625,647.092041015625,0.0065092928428731435,51,79
test-043.jpg,15,3.8399999141693115,2.9790849685668945,2350.859375,2405.894287109375,646.8330078125,0.006522168691491821,51,79
test-043.jpg,16,3.8399999141693115,2.8924553394317627,2305.863037109375,966.5862426757812,637.3319091796875,0.0138747634895346,11,79
test-043.jpg,17,0.0,0.8402453064918518,2307.671142578125,966.510986328125,637.16552734375,0.013807753745145463,11,79
test-043.jpg,18,11.520000457763672,3.3008835315704346,2290.65625,2011.5587158203125,632.5487670898438,0.008036323098502189,51,79
test-043.jpg,19,0.0,1.2042163610458374,2217.0029296875,3089.4619140625,632.12548828125,0.005626379568009618,34,79
test-043.jpg,20,7.679999828338623,0.5641132593154907,2216.08056640625,1093.917236328125,619.984375,0.013355633273555425,11,79
test-043.jpg,21,11.520000457763672,2.253290891647339,2157.82861328125,948.62744140625,617.3029174804688,0.012733027765316185,41,79
test-043.jpg,22,11.520000457763672,3.034550428390503,2209.774169921875,755.9478149414062,601.2636108398438,0.0008882062081273368,11,79
test-043.jpg,23,3.8399999141693115,2.997612237930298,2210.612060546875,755.1359252929688,601.2274169921875,0.000825022771610774,11,79
test-043.jpg,24,0.0,1.21615469455719,2073.78369140625,741.63330078125,575.7315063476562,0.0,-1,79
test-043.jpg,25,7.679999828338623,0.8596175312995911,2069.589111328125,1038.6417236328125,569.0155029296875,0.013755878912883277,41,79
test-043.jpg,26,11.520000457763672,2.1006250381469727,1941.126708984375,2753.51904296875,555.6595458984375,0.00725576797583789,34,79
test-043.jpg,27,0.0,1.875037431716919,1947.8868408203125,2220.005859375,555.5321044921875,0.00851326724669462,51,79
test-043.jpg,28,3.8399999141693115,1.7678436040878296,1917.775390625,1888.431884765625,553.6060791015625,0.009441237302030331,51,79
test-043.jpg,29,3.8399999141693115,2.156071424484253,1877.117431640625,3076.4501953125,532.599609375,0.006689001770906069,34,79
test-043.jpg,30,3.8399999141693115,2.3947176933288574,1813.459716796875,2010.974853515625,520.9974975585938,0.010119770518050757,51,79
test-043.jpg,31,0.0,1.719706416130066,1813.1431884765625,2010.733154296875,520.9093627929688,0.010097926390366573,51,79
test-043.jpg,32,0.0,2.2876060009002686,1870.6473388671875,2855.678466796875,520.3386840820312,0.007216982306212191,34,79
test-043.jpg,33,11.520000457763672,2.106977939605713,1860.2254638671875,2538.93115234375,515.37744140625,0.008213925029526364,34,79
test-043.jpg,34,7.679999828338623,0.5446020364761353,1798.4501953125,1607.7655029296875,513.3125,0.011391292547392226,74,79
test-043.jpg,35,7.679999828338623,0.5397045612335205,1837.9100341796875,2338.055419921875,511.9625244140625,0.008597791911593017,51,79
test-043.jpg,36,0.0,0.826539158821106,1760.58544921875,1852.8917236328125,496.1785888671875,0.010054837553095953,74,79
test-043.jpg,37,7.679999828338623,0.7024430632591248,1696.1446533203125,1101.7998046875,483.7953796386719,0.01583238508993447,41,79
test-043.jpg,38,7.679999828338623,0.5611205697059631,1697.4232177734375,1535.403564453125,476.763916015625,0.0126416546538229,74,79
test-043.jpg,39,7.679999828338623,0.600370466709137,1609.2269287109375,1997.838134765625,476.2814636230469,0.011499466938414842,51,79
test-043.jpg,40,0.0,0.8573957085609436,1691.5028076171875,897.1447143554688,471.1415710449219,0.010102529728329286,41,79
test-043.jpg,41,11.520000457763672,2.8320493698120117,1559.66162109375,1900.8690185546875,459.25848388671875,0.012383552040133923,51,79
test-043.jpg,42,3.8399999141693115,3.3314590454101562,1581.0484619140625,1703.2537841796875,442.0595397949219,0.0122284175180501,74,79
test-043.jpg,43,7.679999828338623,0.6578282117843628,1503.5213623046875,2621.023193359375,441.48565673828125,0.00982791605746617,34,79
test-043.jpg,44,11.520000457763672,3.745375394821167,1496.8314208984375,3144.749755859375,434.6907043457031,0.008257009124485777,34,79
test-043.jpg,45,11.520000457763672,3.7206082344055176,1439.98681640625,1500.13427734375,429.1758728027344,0.01533792507600705,74,79
test-043.jpg,46,3.8399999141693115,2.6955530643463135,1416.51123046875,2199.58251953125,427.0218505859375,0.011852182608748938,51,79
test-043.jpg,47,11.520000457763672,3.559741258621216,1417.544189453125,2199.07373046875,426.76910400390625,0.011915661196480742,51,79
test-043.jpg,48,7.679999828338623,0.5580712556838989,1488.29638671875,783.507568359375,423.4950866699219,0.0,-1,79
test-043.jpg,49,3.8399999141693115,2.371697187423706,1425.8214111328125,1992.0576171875,417.6178894042969,0.013000758810126545,51,79
test-043.jpg,50,11.520000457763672,2.958127498626709,1403.21826171875,2414.65771484375,412.87384033203125,0.010959200019390387,51,79
test-044.jpg,1,11.34000015258789,0.15685583651065826,2008.5079345703125,0.0,1036.6961669921875,0.0,-1,16
test-044.jpg,2,7.559999942779541,0.15955716371536255,2008.5079345703125,0.0,1036.6961669921875,0.0,-1,16
test-044.jpg,3,3.7799999713897705,0.1577271968126297,2008.5079345703125,0.0,1036.6961669921875,0.0,-1,16
test-044.jpg,4,0.0,0.15897315740585327,2008.5079345703125,0.0,1036.6961669921875,0.0,-1,16
test-044.jpg,5,11.34000015258789,0.15906557440757751,2285.4453125,2834.267578125,819.3941040039062,0.0037036110550074455,2,16
test-044.jpg,6,3.7799999713897705,0.3018832802772522,2373.43310546875,3255.8076171875,816.3837280273438,0.0030942056890341297,2,16
test-044.jpg,7,3.7799999713897705,0.20145174860954285,2373.025146484375,3357.6884765625,811.3927612304688,0.0030007379886957085,2,16
test-044.jpg,8,7.559999942779541,0.15583579242229462,2922.8173828125,2778.24267578125,806.30517578125,0.002947336333605987,2,16
test-044.jpg,9,11.34000015258789,0.16108080744743347,2214.663330078125,2898.035888671875,806.139404296875,0.003738475738565583,2,16
test-044.jpg,10,11.34000015258789,0.1884319931268692,2917.19580078125,2780.055908203125,804.7240600585938,0.002954978105581962,2,16
test-044.jpg,11,11.34000015258789,0.6777151226997375,2768.06005859375,2702.661865234375,741.6698608398438,0.003204623075782076,2,16
test-044.jpg,12,11.34000015258789,0.1536739319562912,2697.375244140625,580.8009643554688,727.9454956054688,0.0,-1,16
test-044.jpg,13,11.34000015258789,0.38244515657424927,2476.931396484375,315.4592590332031,664.5411376953125,0.0,-1,16
test-044.jpg,14,11.34000015258789,0.16445674002170563,2476.624755859375,3743.887939453125,664.0535278320312,0.002586315872933997,2,16
test-044.jpg,15,7.559999942779541,0.1534002125263214,2362.741943359375,1651.9532470703125,634.5921630859375,0.005521440448836405,6,16
test-044.jpg,16,11.34000015258789,1.5837364196777344,2285.58544921875,2385.184326171875,614.3408203125,0.0039674276579037444,1,16
test-044.jpg,17,11.34000015258789,0.5533239841461182,2201.720703125,1800.2528076171875,594.0174560546875,0.005455822573093024,1,16
test-044.jpg,18,7.559999942779541,0.19075918197631836,2204.45947265625,1774.6632080078125,593.5271606445312,0.005510041016122743,6,16
test-044.jpg,19,11.34000015258789,0.20849138498306274,2109.86279296875,2009.84228515625,569.5620727539062,0.005099753906852776,1,16
test-044.jpg,20,7.559999942779541,0.19654898345470428,2108.939697265625,2351.4560546875,567.997802734375,0.00435286039625449,1,16
test-044.jpg,21,11.34000015258789,0.9217501878738403,2107.642333984375,2346.636474609375,567.3025512695312,0.004373717448696853,1,16
test-044.jpg,22,11.34000015258789,0.2336549311876297,2075.426025390625,2338.95556640625,567.2127685546875,0.0044552641380781,1,16
test-044.jpg,23,11.34000015258789,0.202522411942482,1863.695556640625,1391.04833984375,560.9161376953125,0.0,-1,16
test-044.jpg,24,11.34000015258789,0.2928122580051422,2077.593505859375,1236.715087890625,558.503662109375,0.0,-1,16
test-044.jpg,25,11.34000015258789,0.1468147337436676,1885.3233642578125,2134.001708984375,548.720947265625,0.005378351978117593,1,16
test-044.jpg,26,11.34000015258789,4.212803363800049,1897.4737548828125,1518.800537109375,548.4139404296875,0.004257424031282972,5,16
test-044.jpg,27,3.7799999713897705,0.2287665754556656,1893.443359375,2026.555908203125,548.1699829101562,0.005616759535906438,1,16
test-044.jpg,28,11.34000015258789,0.1841735541820526,1918.8548583984375,2024.763671875,548.1487426757812,0.005568998115218868,1,16
test-044.jpg,29,11.34000015258789,3.2308809757232666,1907.3056640625,2217.76708984375,548.1194458007812,0.005122318530630708,1,16
test-044.jpg,30,3.7799999713897705,0.18690137565135956,1773.5916748046875,1404.2921142578125,547.8623046875,0.0,-1,16
test-044.jpg,31,0.0,0.7259740829467773,1954.75830078125,2023.5003662109375,545.2548828125,0.005439253779274243,1,16
test-044.jpg,32,3.7799999713897705,0.17713980376720428,1777.825439453125,2023.8599853515625,544.3924560546875,0.00599063204681141,1,16
test-044.jpg,33,11.34000015258789,0.2348405420780182,1924.2164306640625,3009.0283203125,541.4681396484375,0.004147373264239778,2,16
test-044.jpg,34,11.34000015258789,1.6588549613952637,1901.12353515625,2344.895263671875,511.51531982421875,0.004856816190152754,1,16
test-044.jpg,35,3.7799999713897705,2.733414888381958,1759.9827880859375,2548.59814453125,511.39764404296875,0.00481027436884013,1,16
test-044.jpg,36,11.34000015258789,0.4499809741973877,1898.190185546875,2360.036865234375,509.5478210449219,0.0048306596828559065,1,16
test-044.jpg,37,3.7799999713897705,0.18549904227256775,1717.8702392578125,1406.587890625,508.7189636230469,0.0,-1,16
test-044.jpg,38,11.34000015258789,0.624576985836029,1884.315673828125,2418.500732421875,508.7169189453125,0.004749125495764858,1,16
test-044.jpg,39,7.559999942779541,0.1684548407793045,1801.4908447265625,2511.89013671875,508.4716796875,0.00477312297145035,1,16
test-044.jpg,40,7.559999942779541,0.33485147356987,1883.111083984375,2386.6611328125,507.4866638183594,0.004805306716813171,1,16
test-044.jpg,41,11.34000015258789,0.3641633689403534,1873.683349609375,2429.111083984375,507.15673828125,0.004754860935693122,1,16
test-044.jpg,42,11.34000015258789,2.0699462890625,1872.9688720703125,2417.980224609375,506.2566223144531,0.004781959876776747,1,16
test-044.jpg,43,11.34000015258789,0.1953752040863037,1818.810302734375,2334.349609375,505.1742248535156,0.005097756829244068,1,16
test-044.jpg,44,11.34000015258789,0.21530082821846008,1782.9915771484375,2503.8671875,503.3061218261719,0.004848725257941283,1,16
test-044.jpg,45,3.7799999713897705,0.1611073613166809,1737.511962890625,1906.7978515625,503.017822265625,0.006506237625596185,1,16
test-044.jpg,46,11.34000015258789,0.5593845844268799,1875.5858154296875,3135.658935546875,502.2148132324219,0.0040841144722744615,2,16
test-044.jpg,47,0.0,0.6661043167114258,1791.9517822265625,2048.06884765625,499.97412109375,0.005862059668913514,1,16
test-044.jpg,48,11.34000015258789,0.23939248919487,1657.5491943359375,1403.434814453125,498.5133361816406,0.0,-1,16
test-044.jpg,49,7.559999942779541,0.23395398259162903,1844.4932861328125,2452.564453125,498.211181640625,0.004774275229972675,1,16
test-044.jpg,50,11.34000015258789,0.15778516232967377,1728.6705322265625,1928.52294921875,497.1576232910156,0.006494364597649719,1,16
test-045.jpg,1,17.34000015258789,0.14632362127304077,4180.93310546875,0.0,851.53955078125,0.0,-1,16
test-045.jpg,2,5.78000020980835,0.16960151493549347,4180.93310546875,0.0,851.53955078125,0.0,-1,16
test-045.jpg,3,5.78000020980835,0.15149225294589996,4243.97998046875,143.12815856933594,835.7833862304688,0.0,-1,16
test-045.jpg,4,17.34000015258789,0.169698566198349,4247.7294921875,0.0,829.3699951171875,0.0,-1,16
test-045.jpg,5,5.78000020980835,0.21417047083377838,4247.7294921875,0.0,829.3699951171875,0.0,-1,16
test-045.jpg,6,17.34000015258789,0.15751315653324127,4462.693359375,231.66465759277344,825.7592163085938,0.0,-1,16
test-045.jpg,7,5.78000020980835,0.1495799720287323,4451.2822265625,290.9739990234375,818.5936279296875,0.0,-1,16
test-045.jpg,8,5.78000020980835,0.16022689640522003,4438.3369140625,419.4097900390625,810.9113159179688,0.0,-1,16
test-045.jpg,9,17.34000015258789,0.20744049549102783,4277.6630859375,1755.401123046875,809.8389282226562,0.0035826043108460348,10,16
test-045.jpg,10,17.34000015258789,0.18007682263851166,4426.70751953125,614.6898803710938,801.2918701171875,0.0,-1,16
test-045.jpg,11,5.78000020980835,0.1900787204504013,4405.47265625,575.9192504882812,800.9930419921875,0.0,-1,16
test-045.jpg,12,17.34000015258789,0.26463019847869873,4380.052734375,0.0,800.7529296875,0.0,-1,16
test-045.jpg,13,11.5600004196167,0.1555747091770172,4380.052734375,0.0,800.7529296875,0.0,-1,16
test-045.jpg,14,5.78000020980835,0.2763201892375946,4380.052734375,0.0,800.7529296875,0.0,-1,16
test-045.jpg,15,0.0,0.2161388397216797,4380.052734375,0.0,800.7529296875,0.0,-1,16
test-045.jpg,16,5.78000020980835,0.16184452176094055,4450.89697265625,385.58929443359375,800.4344482421875,0.0,-1,16
test-045.jpg,17,5.78000020980835,0.2564862072467804,4367.4970703125,0.0,800.3101806640625,0.0,-1,16
test-045.jpg,18,11.5600004196167,0.15509626269340515,4422.208984375,714.6636962890625,784.9446411132812,0.0,-1,16
test-045.jpg,19,11.5600004196167,0.17447178065776825,4442.67578125,448.1305236816406,779.2571411132812,0.0,-1,16
test-045.jpg,20,11.5600004196167,0.1681830883026123,4436.85791015625,423.0086364746094,778.8063354492188,0.0,-1,16
test-045.jpg,21,17.34000015258789,0.17190556228160858,3797.933349609375,1996.596435546875,776.8951416015625,0.0035493887080739043,10,16
test-045.jpg,22,17.34000015258789,1.1786695718765259,4442.75634765625,448.3995056152344,776.681640625,0.0,-1,16
test-045.jpg,23,17.34000015258789,0.6597900986671448,4408.591796875,1564.607421875,769.1202392578125,0.003900819720002094,10,16
test-045.jpg,24,17.34000015258789,0.43673861026763916,4404.10888671875,722.7460327148438,768.2507934570312,0.0,-1,16
test-045.jpg,25,5.78000020980835,0.19029751420021057,3963.83251953125,679.2916870117188,725.0113525390625,0.0,-1,16
test-045.jpg,26,17.34000015258789,0.2553176283836365,3921.82373046875,718.6641235351562,707.8323974609375,0.0,-1,16
test-045.jpg,27,17.34000015258789,0.3984842002391815,4037.54833984375,2436.4853515625,703.3607788085938,0.002746289809431896,3,16
test-045.jpg,28,17.34000015258789,0.18005163967609406,3718.948486328125,1485.477783203125,681.3222045898438,0.0044716336197537275,9,16
test-045.jpg,29,17.34000015258789,0.24776527285575867,3737.384521484375,1427.55859375,676.5360107421875,0.0046302401279414976,9,16
test-045.jpg,30,17.34000015258789,0.15197639167308807,3750.328125,2219.82373046875,668.4777221679688,0.0032331143322056814,10,16
test-045.jpg,31,17.34000015258789,0.1669205129146576,3688.1103515625,1721.891845703125,667.255859375,0.004238824586451189,10,16
test-045.jpg,32,17.34000015258789,0.2844908535480499,3570.12939453125,1661.53515625,650.7127685546875,0.00453901685134512,10,16
test-045.jpg,33,5.78000020980835,0.17095701396465302,3523.672607421875,2560.18505859375,646.7542724609375,0.002986501664616315,3,16
test-045.jpg,34,17.34000015258789,0.34199079871177673,3520.145263671875,1312.6129150390625,616.03515625,0.0053484841440519515,9,16
test-045.jpg,35,17.34000015258789,0.2289089858531952,3401.875,2679.38671875,615.651611328125,0.002966131431630858,3,16
test-045.jpg,36,5.78000020980835,0.33677127957344055,3402.571044921875,2685.772216796875,614.7013549804688,0.0029485204706839966,3,16
test-045.jpg,37,17.34000015258789,0.15478797256946564,3054.068115234375,1877.259033203125,575.33935546875,0.004699721517231395,10,16
test-045.jpg,38,5.78000020980835,1.126637578010559,3086.8876953125,1891.81591796875,561.166259765625,0.004598745609245522,10,16
test-045.jpg,39,11.5600004196167,0.39909112453460693,3086.056884765625,1893.6041259765625,560.9495849609375,0.004602509765732784,10,16
test-045.jpg,40,17.34000015258789,0.27972522377967834,3007.21435546875,1167.4449462890625,560.2762451171875,0.006464781025309852,13,16
test-045.jpg,41,17.34000015258789,3.4472615718841553,3003.67138671875,2380.163330078125,549.702880859375,0.003656838091105558,8,16
test-045.jpg,42,5.78000020980835,0.16152039170265198,3044.89013671875,127.06890869140625,549.6895141601562,0.0,-1,16
test-045.jpg,43,5.78000020980835,0.16224662959575653,2843.275390625,2857.3857421875,546.09716796875,0.003726491187892514,5,16
test-045.jpg,44,17.34000015258789,0.16427569091320038,2813.15771484375,1383.5997314453125,545.7254028320312,0.006356271780033491,9,16
test-045.jpg,45,5.78000020980835,0.18031565845012665,2906.60400390625,291.8678894042969,536.4337768554688,0.0,-1,16
test-045.jpg,46,17.34000015258789,0.18217873573303223,2466.32666015625,1161.560546875,530.1932373046875,0.007893753661472375,13,16
test-045.jpg,47,17.34000015258789,0.1582244634628296,2567.383544921875,1270.3653564453125,529.3076171875,0.007590109986205934,9,16
test-045.jpg,48,11.5600004196167,0.46684709191322327,2874.34765625,1389.5550537109375,525.3306274414062,0.006182316753773588,9,16
test-045.jpg,49,5.78000020980835,0.14798153936862946,2426.275634765625,0.0,517.7071533203125,0.0,-1,16
test-045.jpg,50,17.34000015258789,0.3288271129131317,2929.51171875,2663.805908203125,512.2100830078125,0.0034675421755856104,3,16
